after_exon,junction_after_mrna_base,distance_from_stop_end_nt,downstream_gt50,downstream_gt55
1,187,-2176,False,False
2,331,-2032,False,False
3,391,-1972,False,False
4,536,-1827,False,False
5,733,-1630,False,False
6,903,-1460,False,False
7,1118,-1245,False,False
8,1210,-1153,False,False
9,1440,-923,False,False
10,1553,-810,False,False
11,1669,-694,False,False
12,1719,-644,False,False
13,1780,-583,False,False
14,1886,-477,False,False
15,2161,-202,False,False
16,2295,-68,False,False
17,2436,73,True,True
18,2537,174,True,True
19,2687,324,True,True
20,2830,467,True,True
21,3002,639,True,True
22,3109,746,True,True
