exon,mrna_start_1based,mrna_end_1based,relative_to_CDS_start,relative_to_CDS_end,contains_variant
1,1,187,-151,35,False
2,188,331,36,179,False
3,332,391,180,239,False
4,392,536,240,384,False
5,537,733,385,581,False
6,734,903,582,751,False
7,904,1118,752,966,False
8,1119,1210,967,1058,False
9,1211,1440,1059,1288,False
10,1441,1553,1289,1401,False
11,1554,1669,1402,1517,False
12,1670,1719,1518,1567,False
13,1720,1780,1568,1628,False
14,1781,1886,1629,1734,False
15,1887,2161,1735,2009,False
16,2162,2295,2010,2143,False
17,2296,2436,2144,2284,True
18,2437,2537,2285,2385,False
19,2538,2687,2386,2535,False
20,2688,2830,2536,2678,False
21,2831,3002,2679,2850,False
22,3003,3109,2851,2957,False
23,3110,3669,2958,3517,False
