promoter_nt_assumed,UTR_total_nt_assumed,polyA_nt_assumed,ITR_total_nt,CDS_nt,WPRE_nt,total_nt,capacity_nt_assumed,remaining_nt,fits_size_envelope,validated_construct
250,100,100,290,3153,0,3893,4700,807,True,False
250,100,250,290,3153,0,4043,4700,657,True,False
250,250,100,290,3153,0,4043,4700,657,True,False
250,250,250,290,3153,0,4193,4700,507,True,False
500,100,100,290,3153,0,4143,4700,557,True,False
500,100,250,290,3153,0,4293,4700,407,True,False
500,250,100,290,3153,0,4293,4700,407,True,False
500,250,250,290,3153,0,4443,4700,257,True,False
800,100,100,290,3153,0,4443,4700,257,True,False
800,100,250,290,3153,0,4593,4700,107,True,False
800,250,100,290,3153,0,4593,4700,107,True,False
800,250,250,290,3153,0,4743,4700,-43,False,False
1200,100,100,290,3153,0,4843,4700,-143,False,False
1200,100,250,290,3153,0,4993,4700,-293,False,False
1200,250,100,290,3153,0,4993,4700,-293,False,False
1200,250,250,290,3153,0,5143,4700,-443,False,False
