file,sha256,size_bytes
.gitignore,db65c4a789e4e8293250dc95a480130416a153fe2fe13bbcddf8e5e6a4f66a16,140
LICENSE,699e0c37edaa67187d00935b797447a44a928a04f469784e1ce1790d6a865448,401
README.md,7ac69841510c7735efa61f614c80f3aa51ba1526e119ebb5260390d10d065997,4149
core/addenda/F0_DESIGN_ADDENDUM_v1_1_0.md,0e767fa4d559aaa482569cb0475d3a651a444d12d6d721a63ba456f30665b267,971
core/addenda/NB10_REPORTING_ADDENDUM_v1_0_0.md,0e8592e9639496aaefcc2efa5264daea1be8fe051c6516c3338b57a338cd8e39,780
core/evidence/nb08r2/NB08R2_CHEMBL_MECHANISMS_ALL.csv,f7ee90509311cc589f8f84e1e10f83156353bec464e2f2c2fde1417a02b34884,28730
core/evidence/nb08r2/NB08R2_CHEMBL_TARGET_RESOLUTION.csv,7cac942f2f8f5265f0943890e545071bd7b5546c20a1d0640b7a83d87dc65ff7,8122
core/evidence/nb08r2/NB08R2_CORE_ACCESSION_RESOLUTION.csv,3dff24f6234989e4375d75dbe32cfc1242142d3261983303c032fb630ed89bd9,450
core/evidence/nb08r2/NB08R2_COVERAGE_STATES.csv,c787a7c9a6380dd808d93017c8d75b1926f00b8be8c51ab4b42dbfeeb494a2bf,1546
core/evidence/nb08r2/NB08R2_HANDOFF.json,c50be7e52d50e3f2ea5a793baf1993ad424f8b469f7d27f2cb655cdb4c82c3b1,452
core/evidence/nb08r2/NB08R2_SEARCH_SPACE_SUMMARY.json,c9aa16f0f30837d8d500bbea1a2f84e5398b5b39feedeb4900d02606906efa98,238
core/evidence/nb09/NB09_EXPOSURE_MECHANISM_AUDIT.csv,01cdbaef3c2a45db326f0197c7d34f98b16942496e0e38cef1a7152803559974,1334
core/evidence/nb09/NB09_HANDOFF.json,b78491caf3efd14b7b867227b02db8c141e806bee4281ab6070d92f8eb3ec7b2,619
core/evidence/nb10/NB10_V101_FALSE_RESCUE_AUDIT.csv,492174e7516c42a09ee6af18d5f28531ac2bceed09d3cc7c5b8a684f16605766,4656
core/evidence/nb10/NB10_V101_POWER_GRID.csv,c836b2defc837fb1b9c16bf6fadd9a9a43462e187caad949f1065aef43cbd6da,3692
core/evidence/nb10/NB10_V101_RESULT_SUMMARY.md,d745f15c2d5d0fbffacea5c88196af1e7dacfba573e9272864e24da3488f40e7,2162
core/evidence/nb10/NB10_V101_SCENARIO_OPERATING_CHARACTERISTICS.csv,3f0c0b3e442bd2e5d2538edd977b8f5c31a0ef0207933a17a36cb734ff09766a,8102
core/nb17_f0_prereg/MANIFEST_SHA256.csv,0f41d248edec6119b0f83f979a9f57b3d515b0f676b7e598b40f8f008351bca2,1124
core/nb17_f0_prereg/MVA_NB17_F0_PREREG_VALIDITY_v1_0_1.ipynb,e76880c08d1a5bc98bfd55005723aa094dac2f92d99f26b390265bf4b31379eb,3978
core/nb17_f0_prereg/NB17_F0V_CONTROL_MECHANISM_AUDIT.csv,782bbf1bf24dd096f6e3724bac1188b65e13e0b8945105e4cd3724db6e66b1ea,1172
core/nb17_f0_prereg/NB17_F0_REPRODUCIBILITY_ADDENDUM_v1_0_1.md,1ea62c907a94178d30207c58fa5f61c53faa8611b6c8416f173bb526c851cc99,2090
core/nb17_f0_prereg/NB17_F0_SAP_v1_0_1.md,1f48c8e8f63c23043a084bad1400e3c32b8c77fc8bc2d5ae96b2cd47699b7aa4,7014
core/nb17_f0_prereg/NB17_HANDOFF.json,ba492cf2176bd59a9c22f076ad36addce449c6be62c3ded973214fcb6ccd9e94,985
core/nb17_f0_prereg/NB17_LOCAL_EXECUTION.log,1dd50ef05ba01db6b41cef72c0170c7308eaccc09952d403240a3930809f89a0,750
core/nb17_f0_prereg/NB17_NAD_SIRT2_BRANCH_v1_0_1.md,925a700cec2825d1ed888a94b4999e0301345abc6dcd769867f56357c0347210,1432
core/nb17_f0_prereg/NB17_ODDSPATH_CEILING.csv,99a42a133f641d778459ba26df24550fc76dbfaa5711b13b3b43669eeb626acb,777
core/nb17_f0_prereg/NB17_ODDSPATH_PRIOR_SENSITIVITY.csv,b3808dc9865b4242f09ee66ad10bed819d885098bec8ea3f186ef3eab868ab2f,358
core/nb17_f0_prereg/NB17_PHASE_GATE0.csv,965639f45c1762ef1322fa70b526782783bba06499b71c01efbbda4b8ee1dea7,554
core/nb17_f0_prereg/NB17_RESULT_SUMMARY.md,b1c0541afd2b04200712ce9a15dd9d5789c85800cd455045220059d7eb50dc18,1569
core/notebooks/MVA_F0_ABUNDANCE_MATCHED_ADDENDUM_v1_1_0.ipynb,7750ee755ec0922de95b8a4e39ab0b9d772ce21a0809a168035f10aa48397af7,4574
core/notebooks/MVA_NB08R2_AUDITED_COVERAGE_v1_0_2_EXACT_COMPONENT.ipynb,adad54d6b52b61ec2bcfb90552f7cc17c84fe53984543c8f8f701d0f6b81cd99,27851
core/notebooks/MVA_NB09_EXPOSURE_MECHANISM_v1_0_0.ipynb,1b48ed54d4e83209646cff2d4718ccbaeb489892be1b793e0e59a377ae2425fd,9414
core/notebooks/MVA_NB10_RESCUE_RULE_POWER_SIMULATION_v1_0_1.ipynb,45af5408e17ee6c0fd4d1ead052e8473f00c81954d4e9fbf1b5749cb2f21262d,6118
core/snapshots/drugcentral_approved_snapshot_NORMALIZED.csv,f0141517ffe7577f9b71046b12574fdc95e8a8a9134e5d2987472050735f5991,2957
core/snapshots/drugcentral_interactions_snapshot.csv,f6fb16e1bd6049c51247711f794da6bddb637e2dfa8e0a98f1635c56db8311f3,4010733
docs/AI_AND_EXTERNAL_SERVICES_DISCLOSURE.md,902747b6b05bd56b8be0129ef5f10c3296df5341fcdebe07da3d83ddc71cb572,957
docs/AI_ASSISTANCE_DISCLOSURE.md,902747b6b05bd56b8be0129ef5f10c3296df5341fcdebe07da3d83ddc71cb572,957
docs/DATA_DELETION_PLAN.md,4d0da86849fb16deef375528e7a627d62a46ac123ffaacb362a94a891b5b20d4,966
docs/F0_EXECUTION_PROFILE.md,63b5b977f0c0feafb6289fb6a8bdf593ad6527bf5835950e9da8cb442b646346,645
docs/METHODS_DESCRIPTION_README.md,82eeb6729ce64ffda73c9e5b61b2ea44a1890bdbafbdf58d4afdff9072968431,814
docs/RELEASE_NOTES_v1_6_1.md,592506d59d998604e276b23510c6c74a5c4214ed939f9964d96a43d3236a836a,833
docs/REPRODUCIBILITY_AND_PRIVACY.md,902747b6b05bd56b8be0129ef5f10c3296df5341fcdebe07da3d83ddc71cb572,957
docs/SUBMISSION_CHECKLIST.md,251fabe2dbc799f813a3d369277a0794e27b6105e3f4ce594afe56a4644d30b9,1589
docs/kotgienia_track2_methods_description.xlsx,7e771ac388006ce23df06218aeaeb7f43cb1576e8828fc077f7d1d74c8f50f55,12214
exploratory/README.md,452bae2169e13817b0fb10733f4a849fd935a5d9d7c03ca4ec3721ebd429b3ec,927
exploratory/nb11/GSE134780_metadata.csv,3771388ce57fcefcdec20a6350454fa9383effa6e5d6747ff215d09553ac4a6e,1561
exploratory/nb11/GSE134781_metadata.csv,65414322de8226fe6d61dc019f62593ddf9f81887d2a19770779757f423b3016,702
exploratory/nb11/NB11_HANDOFF.json,86e25be77e7d63e660677af844a409288d95c7cfb6cee6cef4f0152a39ae6867,5210
exploratory/nb11/NB11_HEART_DESCRIPTIVE.csv,4791e81117bcfaa1476a101f927cd59a446ac1d3de33b2877a991dc1d7a0a637,1874
exploratory/nb11/NB11_MODULE_EFFECTS.csv,7471fa0ee3be3dd4379fda4dd4fa70874fa2fdef5d21010b61cc269f535a1cfc,410387
exploratory/nb11/RESULT_SUMMARY.md,59ef8713b32046aa328cd355ca84e8669480bc3ef139cf1c4456f0ef44bdc5a2,1504
exploratory/nb11/RUNTIME.json,85c00d876b23fe78b029560150278f176600569347fc24c0afac338284484b56,339
exploratory/nb11/RUN_MANIFEST.json,0c8fca638d5264c457056eef91a82721869e9c19e2ea09a1091ecdb6c97ce224,11451
exploratory/nb11/RUN_STATUS.json,5effccf952393cf87341227174350111d17498797cad4ae1c44fbdf44b0048c3,63
exploratory/nb11/analysis_engine.py,cbbacf8a59a455f552e98d8730d307898484e0e1a51f2ccfc74b74381c8595ce,38285
exploratory/nb11/config.json,0b572e01d69e98f85d5d60b663397a451f9a6f4a00e83c1e8d5d37e5b2bd09f6,1345
exploratory/nb12/AAV_PAYLOAD_ENVELOPES.csv,19034cb958cf81c04d90abd09e7f7b95f87b4ae1fc2cceb6f20514f57cae17ba,948
exploratory/nb12/BUB1B_verified_CDS.fasta,4eaa3a362c18451589c35155d8b8a5b1093a0d34e68af045bd9c8254f4cfe26f,3183
exploratory/nb12/BUB1B_verified_protein.fasta,45f0f069dbe97b84ec6f63907770605b2674c2e11c7cdf44adac59a5225e2954,1074
exploratory/nb12/MODALITY_COMPARISON.csv,cfdcdb45ea8740e9aab85f28c3bdb10ece34711e5db6721fa2a40e3e0317c7e3,798
exploratory/nb12/NB12_HANDOFF.json,1312eb5075a2e4c713a02f42d3de215d8d2c93abfb8e897d87c4f9d14228e8f0,287
exploratory/nb12/REFERENCE_AUDIT.json,11ff890a67023b698d6189afba9f8f34c3da119adc309a6a7bbcd4e6b7697090,426
exploratory/nb12/RESULT_SUMMARY.md,32d4f94115edeea8c3cdf465a019b938d57592a31b8c32d90b01035b0268bd79,993
exploratory/nb12/RUNTIME.json,d2c210af9c17a716002beaf5877a08f04e1e43d724da8884f94a1538f50f48e5,343
exploratory/nb12/RUN_MANIFEST.json,8c34ceee5be7c5dac1e784bd0b1ba0bf79b37aa571b7595dd374825f568efbb7,1786
exploratory/nb12/RUN_STATUS.json,dcab9d6f6a5a5195b67ce651f3913ac925782710d89538a9889f6cedf412404f,67
exploratory/nb12/SOURCE_MANIFEST.json,40b17f6d6abc382a357ff86289e7158403a66f22ee8a0ffa62ac645d0ec36f69,5172
exploratory/nb12/VARIANT_CHEMISTRY_AUDIT.csv,a8e1bf5c6d5f950d203fde87e670c59f46e773c2fc05cc6be8a0842884f007d7,165
exploratory/nb12/analysis_engine.py,cbbacf8a59a455f552e98d8730d307898484e0e1a51f2ccfc74b74381c8595ce,38285
exploratory/nb12/config.json,26555dcff44d912243c4ee7077030da4c0dcf67f0c6d7d9428ea273e5d440293,655
exploratory/nb13/GSE129811_SAMPLE_CROSSWALK.csv,7f96d3ac7932ac58762445c60a644e08c814d5f57dacf9161dc460e92462eccb,1820
exploratory/nb13/NB13_CANDIDATE_GATE_LEDGER.csv,b05f542a5017dc1faf5e6142753f582b86a2042804a195a4bf86f402fcc8215e,452
exploratory/nb13/NB13_COMPLETE_PAIRS.csv,07148fce4528cabffdacaadc5204e063d7927654fb2723b8c42c777102fad7c7,847
exploratory/nb13/NB13_COMPOSITION_SENSITIVITY.csv,af17a37ba608a077d49a68d9a667f2679d77aa138c06f2bf9a78b624c78a521a,2634
exploratory/nb13/NB13_CROSS_MODEL_ALIGNMENT.csv,6654fb376b3f8e143b52d52457fbef07a3d70a1b467994a73a9e979e7a4886d2,28240
exploratory/nb13/NB13_HANDOFF.json,7df1a34dbee98d313d497820ba639790d419f81b92090353e868bdb1ce63bc09,365
exploratory/nb13/NB13_MODULE_EFFECTS.csv,a900f3b4f78d85a9885a7566f4f2112d0e2bab7ee62aab3b97d8555d8c2b5be7,214847
exploratory/nb13/RESULT_SUMMARY.md,08ecec7e3aeba58ceef11067dd938b53c63cb6f4508283397cb95985ad6e02bb,1178
exploratory/nb13/RUNTIME.json,e64c05b878d411b8d11bedc8eca58fbb03c544149cae382c5e42affcd3ed3fa1,344
exploratory/nb13/RUN_MANIFEST.json,9f88cb87128b0286b5033f43215be893f5aae09d66c81a614df97bd9cf35bedd,5102
exploratory/nb13/RUN_STATUS.json,1a963452e729dbbf8f1a7adb7a816b992bb443ba2110dc88b9e59715ab17b122,68
exploratory/nb13/analysis_engine.py,cbbacf8a59a455f552e98d8730d307898484e0e1a51f2ccfc74b74381c8595ce,38285
exploratory/nb13/config.json,e5276bf22ac3bf66b9e1173af36901de796f533187801f05202a20ae7c5d189f,1272
exploratory/readthrough/README.md,b66a672c5661309c23429f8b2d29a6a8db5f5615473b7f6ab1087d0be3f893b4,2248
exploratory/readthrough/context/NB04B_NEGATIVE_PREDICTOR_CALIBRATION.md,54bc5fdc58a5792d821081c17c29883e78ad00da74a8ecb5bccd4746cf55752b,3069
exploratory/readthrough/notebooks/MVA_NB14_L737_STOP_NMD_AUDIT_v1_0_0_PUBLIC.ipynb,329a9af436c6d29f263cdd5ab105aeab458cb22b6671075d3d7d2c17bfb94f19,43691
exploratory/readthrough/notebooks/MVA_NB15_READTHROUGH_PRODUCT_FUNCTION_v1_0_0_PUBLIC.ipynb,24b79c8a21efa6f6127abf78430889ae6fef317b6434b69004c246b42585c506,43718
exploratory/readthrough/notebooks/MVA_NB16_READTHROUGH_TRANSLATIONAL_GATES_v1_0_0_PUBLIC.ipynb,5d873ac8a293829bdd9215027a80ac741fb793cec6dd78c0d48331c093c463d7,43697
exploratory/readthrough/results/NB14/EJC_DISTANCES.csv,97ebfe5727174e3d61f3e0facf5d9a694e6d9c7df90d591b595174dd61248d52,640
exploratory/readthrough/results/NB14/EXON_MAP.csv,1a1df913cd3c1d63b21a4a053c2eb25db424bfe73d2daa70e1741dff71cf9165,748
exploratory/readthrough/results/NB14/NB14_HANDOFF.json,8915cfacddc13c0ab97aef84db1f57d43f44cc726e199146182f727346dfa32e,1193
exploratory/readthrough/results/NB14/REFERENCE_AUDIT.json,66076bed4a1442eab38b003a9a5654b069b3781877e8721e5e4ca167cafd771d,1098
exploratory/readthrough/results/NB14/RESULT_SUMMARY.md,43ae95529bf314d370c8e01cf88c0902292cbc21049de7b8016d59d539201621,810
exploratory/readthrough/results/NB14/RUNTIME.json,ffeec5ed299be2e311220e867ec04a9d918508d9fe5a994ece20494aa25ff3d9,137
exploratory/readthrough/results/NB14/RUN_MANIFEST.json,a8aba9a4017464dee2a5d7f49db7dcfe6a8a9c400291f926be2914d383957721,2025
exploratory/readthrough/results/NB14/RUN_STATUS.json,57f937297e162df2570c83e1933a2e669fe49c255563f80938a95fac81535df1,28
exploratory/readthrough/results/NB14/SINGLE_BASE_CODON_ROUTES.csv,6c21cdd113dc2af1ba6351d0ab3279a52d73e14b48cb87e3f10f92ee09d6fc4d,479
exploratory/readthrough/results/NB14/STOP_CONTEXT.csv,7f8f7b4eda25234b42b4a87bc6d0c0e34e510175f730e80abac3de3a66284147,1438
exploratory/readthrough/results/NB14_RESULTS_EXACT.zip,c722757be52edcd5c267841609772efee7c9bbef3245822980e3da6f6a3dd6f3,58644
exploratory/readthrough/results/NB15/ESM_CONTEXT_SENSITIVITY.csv,1a7654d5f41c255266aab1122bda31a01961f47ee06e47dbd562c98cbb0cb04b,1712
exploratory/readthrough/results/NB15/ESM_MASKED_SCORES.csv,8da7e3e8a1b1a298b55ad5db03aa7d509308785f21088532f8065a560588f76d,3311
exploratory/readthrough/results/NB15/ESM_REQUIREMENTS_RESOLVED.txt,d327e542ab019cb1078d120d96e92f0d63177b62734f6b5cadc6e9b01e72d70b,416
exploratory/readthrough/results/NB15/ESM_STATUS.json,18776ff595c7402a51c65e8d3e68a5c18646a33ad3048e2ccff27aa47b7cd602,834
exploratory/readthrough/results/NB15/NB15_HANDOFF.json,ee65a5d3c9e0dc29b01a180549b505506eb0ecf8fbce4cf2d580e509c577c5fa,463
exploratory/readthrough/results/NB15/PRODUCT_PANEL.csv,3fc2ce0532d62f79e55165a749016d94225be15bfb39a91116519c51abab4ef8,2558
exploratory/readthrough/results/NB15/RESULT_SUMMARY.md,f434f6e87e16add1300177f6eb2f70ebfdd8943cd289369e290704ec55a00f06,1250
exploratory/readthrough/results/NB15/RUNTIME.json,4c75bb70d00598b2a2e68a4b0eafc8dbe2b88ea4bcc4b5a94e0109d35b801172,137
exploratory/readthrough/results/NB15/RUN_MANIFEST.json,d0fd3bac982caebe02731fb66a6129186c476108ac9ab40892db9877e4dae79b,2506
exploratory/readthrough/results/NB15/RUN_STATUS.json,57f937297e162df2570c83e1933a2e669fe49c255563f80938a95fac81535df1,28
exploratory/readthrough/results/NB15_RESULTS_EXACT.zip,52b9d473061f233d2300ba5068a83c86c9d2eee9c497eca8ee9ff85af3555b6b,64556
exploratory/readthrough/results/NB16/CANDIDATE_DECISIONS.csv,a9cc9c826633dd26e1838245c59605e1cd2a8e1808d7a7fd592637d1034ae543,1193
exploratory/readthrough/results/NB16/DECISION_GATES.csv,1f99a9f261a49ffd2cc928aef8e1be6ef3d49e5037bbfb87e6984d22417aab9a,870
exploratory/readthrough/results/NB16/DOSAGE_SCENARIOS.csv,228400bfb7d3f1590089bca5020872f12e6ae75952fed2e6041988532922be36,17201
exploratory/readthrough/results/NB16/DOSAGE_SCENARIOS.svg,fb15274565e3ebcb0ef6a6647baec8d66d9bffcec76511ce6f4d0f2b3a7653e0,5765
exploratory/readthrough/results/NB16/EVIDENCE_TABLE.csv,f84fd29ed545c0d1185db4f5d0fbb07ac8b4f1e05da9ded76b7e164fbdb74d6a,2512
exploratory/readthrough/results/NB16/EXPERIMENT_PLAN.md,c2f72ad08d414b7228443924e039367f6ef99b90a6c33b3253688005c6026e10,2836
exploratory/readthrough/results/NB16/NB16_HANDOFF.json,1ffa0e94e3940d0d146b1b7aa1241ef8b3bf453f7be3b11a2c724fa3fe6bd0a6,428
exploratory/readthrough/results/NB16/PROSPECTIVE_F0_PRODUCT_DESIGN.csv,89f120e5cf84ec077e9aaa54c2ff7c51199287f48bc34bed4e5c8c982f024ec9,10285
exploratory/readthrough/results/NB16/RESULT_SUMMARY.md,2c07a45773292928b89af065ab03f7d6c14d06a62dd3664b6a6fdeaf6ae53ccc,1535
exploratory/readthrough/results/NB16/RUNTIME.json,6002ad62b250781c007b5fc3d9678237a9e4f6882f801528448511b199eaf44c,137
exploratory/readthrough/results/NB16/RUN_MANIFEST.json,9270970ef6d801348e535836e093b00caf21ce2d55cb2b54fed5d7485a474696,2223
exploratory/readthrough/results/NB16/RUN_STATUS.json,57f937297e162df2570c83e1933a2e669fe49c255563f80938a95fac81535df1,28
exploratory/readthrough/results/NB16_RESULTS_EXACT.zip,1d7fb6b72e12c206db3c6ecbaab6c1c3deba7d695ca13d2deeea18dc61cd27c3,63394
figures/track2_decision_architecture.png,98bf714ecef60cf2f36c81a08c3703c878e7690e0d31f26115f522b77523d1a9,134670
pitch/3MIN_NARRATION_FINAL.md,27a3dcb46fac46cc2dc75c25bfbc0948301ecff8778baa8fa2d444ddc58d938a,3270
pitch/MVA_Track2_3min_Presentation_FINAL.pdf,03a5a493751dd45148e49858c43c8beb30664a240739ad6535637e38dcbdf57a,114313
pitch/MVA_Track2_3min_Presentation_FINAL.pptx,8f4bc6c677e77e79f6afce3f97f739c574bc4b2cdaa6a78e302b00f7dd891729,42401
report/kotgienia_track2_report.md,ed37941cb5d86dd68ed6961bad37c0347aece54d765d3aeee822616c810b221f,43502
report/kotgienia_track2_report.pdf,c3a4d70f35efd722e5dd2247b8a2263647ad91d6fa27751542f26a13939a51ec,243387
report/kotgienia_track2_report_v1_6_1.pdf,c3a4d70f35efd722e5dd2247b8a2263647ad91d6fa27751542f26a13939a51ec,243387
requirements.txt,5fe6a7bc1b15efb2fcee75962662f636901e4d7107b8fe57f4374ff4f60a0d00,63
scripts/validate_release.py,b68afa466a59d8f3629a74af5663e9a44764c8ff99a4ba2d40b5b8188520b9b4,3529
