scenario,biological_replicates,completed_divisions_per_rep,baseline_rate,treated_rate,true_rrr,output_ratio,apoptosis_delta_pp,rrr_gate,alpha,beta_binomial_icc,clean_rescue_call_rate,median_rrr,median_welch_p,cytostasis_flag,selective_death_flag
TRUE_RESCUE_SMALL,4,100,0.2,0.16,0.20000000000000004,1.0,0.0,0.25,0.05,0.02,0.1592,0.19999999999999987,0.21395419213862388,False,False
TRUE_RESCUE_MODERATE,4,100,0.2,0.12,0.4000000000000001,1.0,0.0,0.25,0.05,0.02,0.4512,0.40506329113924056,0.05834314542061868,False,False
TRUE_RESCUE_STRONG,4,100,0.2,0.1,0.5,1.0,0.0,0.25,0.05,0.02,0.632,0.5071443151663605,0.030373278161580253,False,False
TRUE_RESCUE_SMALL,4,150,0.2,0.16,0.20000000000000004,1.0,0.0,0.25,0.05,0.02,0.1724,0.20197163947163943,0.19091327526653112,False,False
TRUE_RESCUE_MODERATE,4,150,0.2,0.12,0.4000000000000001,1.0,0.0,0.25,0.05,0.02,0.485,0.4049586776859504,0.05225094372800887,False,False
TRUE_RESCUE_STRONG,4,150,0.2,0.1,0.5,1.0,0.0,0.25,0.05,0.02,0.6802,0.5087719298245614,0.026698807451424195,False,False
TRUE_RESCUE_SMALL,4,250,0.2,0.16,0.20000000000000004,1.0,0.0,0.25,0.05,0.02,0.187,0.2,0.18163470490877792,False,False
TRUE_RESCUE_MODERATE,4,250,0.2,0.12,0.4000000000000001,1.0,0.0,0.25,0.05,0.02,0.5282,0.4099549549549549,0.04490217841019167,False,False
TRUE_RESCUE_STRONG,4,250,0.2,0.1,0.5,1.0,0.0,0.25,0.05,0.02,0.7094,0.5062509767151117,0.022899263539067308,False,False
TRUE_RESCUE_SMALL,6,100,0.2,0.16,0.20000000000000004,1.0,0.0,0.25,0.05,0.02,0.2294,0.19642857142857134,0.16317009976756086,False,False
TRUE_RESCUE_MODERATE,6,100,0.2,0.12,0.4000000000000001,1.0,0.0,0.25,0.05,0.02,0.64,0.4,0.02583589491767295,False,False
TRUE_RESCUE_STRONG,6,100,0.2,0.1,0.5,1.0,0.0,0.25,0.05,0.02,0.8364,0.5035978671636383,0.009504183574161239,False,False
TRUE_RESCUE_SMALL,6,150,0.2,0.16,0.20000000000000004,1.0,0.0,0.25,0.05,0.02,0.2512,0.20051546391752584,0.14430521714169825,False,False
TRUE_RESCUE_MODERATE,6,150,0.2,0.12,0.4000000000000001,1.0,0.0,0.25,0.05,0.02,0.689,0.4031413612565445,0.020584140317245536,False,False
TRUE_RESCUE_STRONG,6,150,0.2,0.1,0.5,1.0,0.0,0.25,0.05,0.02,0.8602,0.5,0.007608170818086814,False,False
TRUE_RESCUE_SMALL,6,250,0.2,0.16,0.20000000000000004,1.0,0.0,0.25,0.05,0.02,0.2672,0.20512820512820534,0.12409734613447543,False,False
TRUE_RESCUE_MODERATE,6,250,0.2,0.12,0.4000000000000001,1.0,0.0,0.25,0.05,0.02,0.719,0.39847524809767676,0.017675683628694296,False,False
TRUE_RESCUE_STRONG,6,250,0.2,0.1,0.5,1.0,0.0,0.25,0.05,0.02,0.907,0.5053192158243527,0.005524015748761971,False,False
TRUE_RESCUE_SMALL,8,100,0.2,0.16,0.20000000000000004,1.0,0.0,0.25,0.05,0.02,0.2926,0.2023809523809525,0.1183732578546714,False,False
TRUE_RESCUE_MODERATE,8,100,0.2,0.12,0.4000000000000001,1.0,0.0,0.25,0.05,0.02,0.769,0.4025974025974026,0.011473395614817562,False,False
TRUE_RESCUE_STRONG,8,100,0.2,0.1,0.5,1.0,0.0,0.25,0.05,0.02,0.922,0.5027624309392265,0.0029583470725565984,False,False
TRUE_RESCUE_SMALL,8,150,0.2,0.16,0.20000000000000004,1.0,0.0,0.25,0.05,0.02,0.3052,0.20446096654275087,0.10401149058016441,False,False
TRUE_RESCUE_MODERATE,8,150,0.2,0.12,0.4000000000000001,1.0,0.0,0.25,0.05,0.02,0.8048,0.4024390243902439,0.008723049455577149,False,False
TRUE_RESCUE_STRONG,8,150,0.2,0.1,0.5,1.0,0.0,0.25,0.05,0.02,0.9506,0.5,0.0021180845597243494,False,False
TRUE_RESCUE_SMALL,8,250,0.2,0.16,0.20000000000000004,1.0,0.0,0.25,0.05,0.02,0.298,0.19878475407630303,0.09931147311956684,False,False
TRUE_RESCUE_MODERATE,8,250,0.2,0.12,0.4000000000000001,1.0,0.0,0.25,0.05,0.02,0.8388,0.4027121448928932,0.006673330403821734,False,False
TRUE_RESCUE_STRONG,8,250,0.2,0.1,0.5,1.0,0.0,0.25,0.05,0.02,0.9698,0.5000000000000001,0.0015239469439208815,False,False
