branch,gene_symbol,desired_action,role,core_target_chembl_id,target_chembl_id,pref_name,target_type,organism,matched_accession,all_component_accessions
ABUNDANCE_PROTEOSTASIS,HSF1,ACTIVATE,PROXIMAL,CHEMBL5869,CHEMBL5869,Heat shock factor protein 1,SINGLE PROTEIN,Homo sapiens,Q00613,Q00613
ABUNDANCE_PROTEOSTASIS,HSF1,ACTIVATE,PROXIMAL,CHEMBL5869,CHEMBL3988631,Heat shock factor protein,PROTEIN FAMILY,Homo sapiens,Q00613,Q00613;Q03933;Q9ULV5
ABUNDANCE_PROTEOSTASIS,HSP90AA1,SUPPORT_NOT_INHIBIT,PROXIMAL,CHEMBL3880,CHEMBL3880,Heat shock protein HSP 90-alpha,SINGLE PROTEIN,Homo sapiens,P07900,P07900
ABUNDANCE_PROTEOSTASIS,HSP90AA1,SUPPORT_NOT_INHIBIT,PROXIMAL,CHEMBL3880,CHEMBL2095165,Heat shock protein HSP90,PROTEIN FAMILY,Homo sapiens,P07900,P07900;P08238
ABUNDANCE_PROTEOSTASIS,HSP90AA1,SUPPORT_NOT_INHIBIT,PROXIMAL,CHEMBL3880,CHEMBL4296080,Heat shock protein HSP 90-alpha/Hsp90 co-chaperone Cdc37,PROTEIN COMPLEX,Homo sapiens,P07900,P07900;Q16543
ABUNDANCE_PROTEOSTASIS,PSMB5,INHIBIT_PROBE_ONLY,PROBE_ONLY,CHEMBL4662,CHEMBL4662,Proteasome Macropain subunit MB1,SINGLE PROTEIN,Homo sapiens,P28074,P28074
ABUNDANCE_PROTEOSTASIS,PSMB5,INHIBIT_PROBE_ONLY,PROBE_ONLY,CHEMBL4662,CHEMBL2364701,26S proteasome,PROTEIN COMPLEX,Homo sapiens,P28074,A5LHX3;O00231;O00232;O00487;O14818;O43242;P17980;P20618;P25786;P25787;P25788;P25789;P28062;P28065;P28066;P28070;P28072;P28074;P35998;P40306;P43686;P48556;P49720;P49721;P51665;P55036;P60896;P60900;P62191;P62195;P62333;Q13200;Q15008;Q16186;Q8TAA3;Q99436;Q99460;Q9UNM6
ABUNDANCE_PROTEOSTASIS,PSMB5,INHIBIT_PROBE_ONLY,PROBE_ONLY,CHEMBL4662,CHEMBL3831201,20S proteasome,PROTEIN COMPLEX GROUP,Homo sapiens,P28074,A5LHX3;O14818;P20618;P25786;P25787;P25788;P25789;P28062;P28065;P28066;P28070;P28072;P28074;P40306;P49720;P49721;P60900;Q8TAA3;Q99436
ABUNDANCE_PROTEOSTASIS,PSMB5,INHIBIT_PROBE_ONLY,PROBE_ONLY,CHEMBL4662,CHEMBL3885625,Proteasome subunit beta type-1/beta type-5,PROTEIN FAMILY,Homo sapiens,P28074,P20618;P28074
ABUNDANCE_STABILITY_PTM,SIRT2,ACTIVATE,PROXIMAL,CHEMBL4462,CHEMBL4462,NAD-dependent protein deacetylase sirtuin-2,SINGLE PROTEIN,Homo sapiens,Q8IXJ6,Q8IXJ6
ABUNDANCE_STABILITY_PTM,CREBBP,INHIBIT_EXPLORATORY,EXPLORATORY,CHEMBL5747,CHEMBL5747,CREB-binding protein,SINGLE PROTEIN,Homo sapiens,Q92793,Q92793
ABUNDANCE_STABILITY_PTM,CREBBP,INHIBIT_EXPLORATORY,EXPLORATORY,CHEMBL5747,CHEMBL3883300,CREB-binding protein/Histone acetyltransferase p300,PROTEIN FAMILY,Homo sapiens,Q92793,Q09472;Q92793
FUNCTION_KARD_PP2A,AURKB,INHIBIT_PARTIALLY_PROBE_ONLY,PROBE_ONLY,CHEMBL2185,CHEMBL2185,Aurora kinase B,SINGLE PROTEIN,Homo sapiens,Q96GD4,Q96GD4
FUNCTION_KARD_PP2A,AURKB,INHIBIT_PARTIALLY_PROBE_ONLY,PROBE_ONLY,CHEMBL2185,CHEMBL3430907,Aurora kinase B/Inner centromere protein,PROTEIN COMPLEX,Homo sapiens,Q96GD4,Q96GD4;Q9NQS7
FUNCTION_KARD_PP2A,AURKB,INHIBIT_PARTIALLY_PROBE_ONLY,PROBE_ONLY,CHEMBL2185,CHEMBL3430911,Serine/threonine-protein kinase Aurora,PROTEIN FAMILY,Homo sapiens,Q96GD4,O14965;Q96GD4;Q9UQB9
FUNCTION_KARD_PP2A,AURKB,INHIBIT_PARTIALLY_PROBE_ONLY,PROBE_ONLY,CHEMBL2185,CHEMBL3883303,Aurora kinase A/B,PROTEIN FAMILY,Homo sapiens,Q96GD4,O14965;Q96GD4
FUNCTION_KARD_PP2A,PPP2CA,ACTIVATE_LOCALIZED,PROXIMAL,CHEMBL4703,CHEMBL4703,Serine/threonine-protein phosphatase 2A catalytic subunit alpha isoform,SINGLE PROTEIN,Homo sapiens,P67775,P67775
FUNCTION_KARD_PP2A,PLK1,PRESERVE,ANTITARGET,CHEMBL3024,CHEMBL3024,Serine/threonine-protein kinase PLK1,SINGLE PROTEIN,Homo sapiens,P53350,P53350
FUNCTION_KARD_PP2A,CDK1,PRESERVE,ANTITARGET,CHEMBL308,CHEMBL308,Cyclin-dependent kinase 1,SINGLE PROTEIN,Homo sapiens,P06493,P06493
FUNCTION_KARD_PP2A,CDK1,PRESERVE,ANTITARGET,CHEMBL308,CHEMBL1907602,Cyclin-dependent kinase 1/cyclin B1,PROTEIN COMPLEX,Homo sapiens,P06493,P06493;P14635
FUNCTION_KARD_PP2A,CDK1,PRESERVE,ANTITARGET,CHEMBL308,CHEMBL2094127,Cyclin-dependent kinase 1/cyclin B,PROTEIN COMPLEX GROUP,Homo sapiens,P06493,O95067;P06493;P14635;Q8WWL7
FUNCTION_KARD_PP2A,CDK1,PRESERVE,ANTITARGET,CHEMBL308,CHEMBL3038467,CDK1/Cyclin A,PROTEIN COMPLEX,Homo sapiens,P06493,P06493;P20248
FUNCTION_KARD_PP2A,CDK1,PRESERVE,ANTITARGET,CHEMBL308,CHEMBL3038468,CDK1/Cyclin E,PROTEIN COMPLEX,Homo sapiens,P06493,P06493;P24864
FUNCTION_KARD_PP2A,CDK1,PRESERVE,ANTITARGET,CHEMBL308,CHEMBL3559691,Cyclin-dependent kinase,PROTEIN FAMILY,Homo sapiens,P06493,O94921;P06493;P11802;P21127;P24941;P49336;P50613;P50750;Q00526;Q00534;Q00535;Q00536;Q00537;Q07002;Q14004;Q15131;Q8IZL9;Q96Q40;Q9BWU1;Q9NYV4
FUNCTION_KARD_PP2A,CDK1,PRESERVE,ANTITARGET,CHEMBL308,CHEMBL3885551,Cyclin-dependent kinase 1/G1/S-specific cyclin-D1,PROTEIN COMPLEX,Homo sapiens,P06493,P06493;P24385
FUNCTION_KARD_PP2A,CDK1,PRESERVE,ANTITARGET,CHEMBL308,CHEMBL4296065,Cyclin-dependent kinase 1/ G1/S-specific cyclin-D3,PROTEIN COMPLEX,Homo sapiens,P06493,P06493;P30281
FUNCTION_KARD_PP2A,CDK1,PRESERVE,ANTITARGET,CHEMBL308,CHEMBL4296066,Cyclin-dependent kinase 1/Cyclin A1,PROTEIN COMPLEX,Homo sapiens,P06493,P06493;P78396
FUNCTION_KARD_PP2A,CDK1,PRESERVE,ANTITARGET,CHEMBL308,CHEMBL5483182,CDK1/Cyclin A,PROTEIN COMPLEX GROUP,Homo sapiens,P06493,P06493;P20248;P78396
FUNCTION_KARD_PP2A,CDK1,PRESERVE,ANTITARGET,CHEMBL308,CHEMBL5483189,CDK1/Cyclin E,PROTEIN COMPLEX GROUP,Homo sapiens,P06493,O96020;P06493;P24864
FUNCTION_SAC,TTK,PRESERVE,ANTITARGET,CHEMBL3983,CHEMBL3983,Dual specificity protein kinase TTK,SINGLE PROTEIN,Homo sapiens,P33981,P33981
DOWNSTREAM_IFN,JAK1,INHIBIT_IF_ACTIVE,DOWNSTREAM,CHEMBL2835,CHEMBL2835,Tyrosine-protein kinase JAK1,SINGLE PROTEIN,Homo sapiens,P23458,P23458
DOWNSTREAM_IFN,JAK1,INHIBIT_IF_ACTIVE,DOWNSTREAM,CHEMBL2835,CHEMBL2363062,Janus Kinase (JAK),PROTEIN FAMILY,Homo sapiens,P23458,O60674;P23458;P29597;P52333
DOWNSTREAM_IFN,JAK1,INHIBIT_IF_ACTIVE,DOWNSTREAM,CHEMBL2835,CHEMBL3038491,JAK3/JAK1,PROTEIN COMPLEX,Homo sapiens,P23458,P23458;P52333
DOWNSTREAM_IFN,JAK1,INHIBIT_IF_ACTIVE,DOWNSTREAM,CHEMBL2835,CHEMBL3038492,JAK2/JAK1,PROTEIN COMPLEX,Homo sapiens,P23458,O60674;P23458
DOWNSTREAM_IFN,JAK1,INHIBIT_IF_ACTIVE,DOWNSTREAM,CHEMBL2835,CHEMBL3301390,JAK1/JAK2/TYK2,PROTEIN COMPLEX,Homo sapiens,P23458,O60674;P23458;P29597
DOWNSTREAM_IFN,JAK1,INHIBIT_IF_ACTIVE,DOWNSTREAM,CHEMBL2835,CHEMBL3301391,JAK1/TYK2,PROTEIN COMPLEX,Homo sapiens,P23458,P23458;P29597
DOWNSTREAM_IFN,JAK1,INHIBIT_IF_ACTIVE,DOWNSTREAM,CHEMBL2835,CHEMBL5291972,JAK1/STAT1,PROTEIN COMPLEX,Homo sapiens,P23458,P23458;P42224
DOWNSTREAM_IFN,JAK2,INHIBIT_IF_ACTIVE,DOWNSTREAM,CHEMBL2971,CHEMBL2971,Tyrosine-protein kinase JAK2,SINGLE PROTEIN,Homo sapiens,O60674,O60674
DOWNSTREAM_IFN,JAK2,INHIBIT_IF_ACTIVE,DOWNSTREAM,CHEMBL2971,CHEMBL2363062,Janus Kinase (JAK),PROTEIN FAMILY,Homo sapiens,O60674,O60674;P23458;P29597;P52333
DOWNSTREAM_IFN,JAK2,INHIBIT_IF_ACTIVE,DOWNSTREAM,CHEMBL2971,CHEMBL3038492,JAK2/JAK1,PROTEIN COMPLEX,Homo sapiens,O60674,O60674;P23458
DOWNSTREAM_IFN,JAK2,INHIBIT_IF_ACTIVE,DOWNSTREAM,CHEMBL2971,CHEMBL3301390,JAK1/JAK2/TYK2,PROTEIN COMPLEX,Homo sapiens,O60674,O60674;P23458;P29597
DOWNSTREAM_IFN,JAK2,INHIBIT_IF_ACTIVE,DOWNSTREAM,CHEMBL2971,CHEMBL3301392,JAK2/TYK2,PROTEIN COMPLEX,Homo sapiens,O60674,O60674;P29597
DOWNSTREAM_IFN,JAK2,INHIBIT_IF_ACTIVE,DOWNSTREAM,CHEMBL2971,CHEMBL4802035,JAK2/JAK3,PROTEIN FAMILY,Homo sapiens,O60674,O60674;P52333
DOWNSTREAM_IFN,JAK2,INHIBIT_IF_ACTIVE,DOWNSTREAM,CHEMBL2971,CHEMBL5482983,JAK2-STAT3,PROTEIN COMPLEX,Homo sapiens,O60674,O60674;P40763
DOWNSTREAM_MTOR_AUTOPHAGY,MTOR,INHIBIT_CONDITIONALLY,DOWNSTREAM,CHEMBL2842,CHEMBL2842,Serine/threonine-protein kinase mTOR,SINGLE PROTEIN,Homo sapiens,P42345,P42345
DOWNSTREAM_MTOR_AUTOPHAGY,MTOR,INHIBIT_CONDITIONALLY,DOWNSTREAM,CHEMBL2842,CHEMBL2221341,FKBP12A/mTOR,PROTEIN COMPLEX,Homo sapiens,P42345,P42345;P62942
DOWNSTREAM_MTOR_AUTOPHAGY,MTOR,INHIBIT_CONDITIONALLY,DOWNSTREAM,CHEMBL2842,CHEMBL4296661,mTORC1,PROTEIN COMPLEX,Homo sapiens,P42345,P42345;Q8N122;Q9BVC4
DOWNSTREAM_MTOR_AUTOPHAGY,MTOR,INHIBIT_CONDITIONALLY,DOWNSTREAM,CHEMBL2842,CHEMBL4296662,mTOR/FKBP12A/FKBP12B,PROTEIN COMPLEX,Homo sapiens,P42345,P42345;P62942;P68106
DOWNSTREAM_MTOR_AUTOPHAGY,MTOR,INHIBIT_CONDITIONALLY,DOWNSTREAM,CHEMBL2842,CHEMBL4523999,mTORC2,PROTEIN COMPLEX,Homo sapiens,P42345,P42345;Q6R327;Q9BPZ7;Q9BVC4
