branch,target_symbol,core_target_chembl_id,core_accessions,desired_action,role,chembl_target_representations_n,chembl_mechanism_state,chembl_approved_mechanism_unique_parent_drugs,chembl_activity_state,chembl_activity_unique_drugs,drugcentral_state,drugcentral_unique_approved_structures
ABUNDANCE_PROTEOSTASIS,HSF1,CHEMBL5869,Q00613,ACTIVATE,PROXIMAL,2,NO_HIT,0,NOT_RUN,,NO_HIT,0
ABUNDANCE_PROTEOSTASIS,HSP90AA1,CHEMBL3880,P07900,SUPPORT_NOT_INHIBIT,PROXIMAL,3,NO_HIT,0,NOT_RUN,,HIT,1
ABUNDANCE_PROTEOSTASIS,PSMB5,CHEMBL4662,P28074,INHIBIT_PROBE_ONLY,PROBE_ONLY,4,HIT,3,NOT_RUN,,HIT,2
ABUNDANCE_STABILITY_PTM,SIRT2,CHEMBL4462,Q8IXJ6,ACTIVATE,PROXIMAL,1,NO_HIT,0,NOT_RUN,,NO_HIT,0
ABUNDANCE_STABILITY_PTM,CREBBP,CHEMBL5747,Q92793,INHIBIT_EXPLORATORY,EXPLORATORY,2,NO_HIT,0,NOT_RUN,,NO_HIT,0
FUNCTION_KARD_PP2A,AURKB,CHEMBL2185,Q96GD4,INHIBIT_PARTIALLY_PROBE_ONLY,PROBE_ONLY,4,NO_HIT,0,NOT_RUN,,HIT,2
FUNCTION_KARD_PP2A,PPP2CA,CHEMBL4703,P67775,ACTIVATE_LOCALIZED,PROXIMAL,1,NO_HIT,0,NOT_RUN,,NO_HIT,0
FUNCTION_KARD_PP2A,PLK1,CHEMBL3024,P53350,PRESERVE,ANTITARGET,1,NO_HIT,0,NOT_RUN,,NO_HIT,0
FUNCTION_KARD_PP2A,CDK1,CHEMBL308,P06493,PRESERVE,ANTITARGET,11,NO_HIT,0,NOT_RUN,,HIT,1
FUNCTION_SAC,TTK,CHEMBL3983,P33981,PRESERVE,ANTITARGET,1,NO_HIT,0,NOT_RUN,,HIT,1
DOWNSTREAM_IFN,JAK1,CHEMBL2835,P23458,INHIBIT_IF_ACTIVE,DOWNSTREAM,7,HIT,8,NOT_RUN,,HIT,4
DOWNSTREAM_IFN,JAK2,CHEMBL2971,O60674,INHIBIT_IF_ACTIVE,DOWNSTREAM,7,HIT,9,NOT_RUN,,HIT,4
DOWNSTREAM_MTOR_AUTOPHAGY,MTOR,CHEMBL2842,P42345,INHIBIT_CONDITIONALLY,DOWNSTREAM,5,HIT,1,NOT_RUN,,HIT,2
