branch,target_symbol,matched_accession,resolved_target_chembl_id,resolved_target_name,resolved_target_type,molecule_chembl_id,drug,parent_chembl_id,max_phase,first_approval,mechanism_of_action,action_type,molecule_query_error,approved_phase4,canonical_drug_key
ABUNDANCE_PROTEOSTASIS,HSP90AA1,P07900,CHEMBL2095165,Heat shock protein HSP90,PROTEIN FAMILY,CHEMBL2103879,GANETESPIB,CHEMBL2103879,3.0,,Heat shock protein HSP90 inhibitor,INHIBITOR,,False,CHEMBL2103879
ABUNDANCE_PROTEOSTASIS,HSP90AA1,P07900,CHEMBL2095165,Heat shock protein HSP90,PROTEIN FAMILY,CHEMBL377559,RETASPIMYCIN HYDROCHLORIDE,CHEMBL1184904,3.0,,Heat shock protein HSP90 inhibitor,INHIBITOR,,False,CHEMBL1184904
ABUNDANCE_PROTEOSTASIS,HSP90AA1,P07900,CHEMBL2095165,Heat shock protein HSP90,PROTEIN FAMILY,CHEMBL109480,TANESPIMYCIN,CHEMBL109480,3.0,,Heat shock protein HSP90 inhibitor,INHIBITOR,,False,CHEMBL109480
ABUNDANCE_PROTEOSTASIS,HSP90AA1,P07900,CHEMBL2095165,Heat shock protein HSP90,PROTEIN FAMILY,CHEMBL4297717,CD24FC,CHEMBL4297717,3.0,,Heat shock protein HSP90 inhibitor,INHIBITOR,,False,CHEMBL4297717
ABUNDANCE_PROTEOSTASIS,HSP90AA1,P07900,CHEMBL2095165,Heat shock protein HSP90,PROTEIN FAMILY,CHEMBL467399,BIIB021,CHEMBL467399,2.0,,Heat shock protein HSP90 inhibitor,INHIBITOR,,False,CHEMBL467399
ABUNDANCE_PROTEOSTASIS,HSP90AA1,P07900,CHEMBL2095165,Heat shock protein HSP90,PROTEIN FAMILY,CHEMBL383824,ALVESPIMYCIN,CHEMBL383824,2.0,,Heat shock protein HSP90 inhibitor,INHIBITOR,,False,CHEMBL383824
ABUNDANCE_PROTEOSTASIS,HSP90AA1,P07900,CHEMBL2095165,Heat shock protein HSP90,PROTEIN FAMILY,CHEMBL1214827,ONALESPIB,CHEMBL1214827,2.0,,Heat shock protein HSP90 inhibitor,INHIBITOR,,False,CHEMBL1214827
ABUNDANCE_PROTEOSTASIS,HSP90AA1,P07900,CHEMBL2095165,Heat shock protein HSP90,PROTEIN FAMILY,CHEMBL1195136,SNX 5422,CHEMBL1195136,2.0,,Heat shock protein HSP90 inhibitor,INHIBITOR,,False,CHEMBL1195136
ABUNDANCE_PROTEOSTASIS,HSP90AA1,P07900,CHEMBL2095165,Heat shock protein HSP90,PROTEIN FAMILY,CHEMBL252164,LUMINESPIB,CHEMBL252164,2.0,,Heat shock protein HSP90 inhibitor,INHIBITOR,,False,CHEMBL252164
ABUNDANCE_PROTEOSTASIS,PSMB5,P28074,CHEMBL2364701,26S proteasome,PROTEIN COMPLEX,CHEMBL451887,CARFILZOMIB,CHEMBL451887,4.0,2009.0,26S proteasome inhibitor,INHIBITOR,,True,CHEMBL451887
ABUNDANCE_PROTEOSTASIS,PSMB5,P28074,CHEMBL2364701,26S proteasome,PROTEIN COMPLEX,CHEMBL325041,BORTEZOMIB,CHEMBL325041,4.0,,26S proteasome inhibitor,INHIBITOR,,True,CHEMBL325041
ABUNDANCE_PROTEOSTASIS,PSMB5,P28074,CHEMBL2364701,26S proteasome,PROTEIN COMPLEX,CHEMBL3545432,IXAZOMIB CITRATE,CHEMBL3545432,4.0,2015.0,26S proteasome inhibitor,INHIBITOR,,True,CHEMBL3545432
ABUNDANCE_PROTEOSTASIS,PSMB5,P28074,CHEMBL2364701,26S proteasome,PROTEIN COMPLEX,CHEMBL2103884,OPROZOMIB,CHEMBL2103884,2.0,,26S proteasome inhibitor,INHIBITOR,,False,CHEMBL2103884
ABUNDANCE_PROTEOSTASIS,PSMB5,P28074,CHEMBL2364701,26S proteasome,PROTEIN COMPLEX,CHEMBL2141296,IXAZOMIB,CHEMBL2141296,3.0,,26S proteasome inhibitor,INHIBITOR,,False,CHEMBL2141296
ABUNDANCE_PROTEOSTASIS,PSMB5,P28074,CHEMBL2364701,26S proteasome,PROTEIN COMPLEX,CHEMBL5315122,BORTEZOMIB D-MANNITOL,CHEMBL325041,4.0,2003.0,26S proteasome inhibitor,INHIBITOR,,True,CHEMBL325041
ABUNDANCE_PROTEOSTASIS,PSMB5,P28074,CHEMBL3831201,20S proteasome,PROTEIN COMPLEX GROUP,CHEMBL371405,MARIZOMIB,CHEMBL371405,3.0,,20S proteasome inhibitor,INHIBITOR,,False,CHEMBL371405
FUNCTION_KARD_PP2A,AURKB,Q96GD4,CHEMBL2185,Aurora kinase B,SINGLE PROTEIN,CHEMBL5095033,IBCASERTIB,CHEMBL5095033,3.0,,Serine/threonine-protein kinase Aurora-B inhibitor,INHIBITOR,,False,CHEMBL5095033
FUNCTION_KARD_PP2A,AURKB,Q96GD4,CHEMBL2185,Aurora kinase B,SINGLE PROTEIN,CHEMBL1090479,GSK-1070916,CHEMBL1090479,1.0,,Serine/threonine-protein kinase Aurora-B inhibitor,INHIBITOR,,False,CHEMBL1090479
FUNCTION_KARD_PP2A,AURKB,Q96GD4,CHEMBL2185,Aurora kinase B,SINGLE PROTEIN,CHEMBL1908397,KW-2449,CHEMBL1908397,1.0,,Serine/threonine-protein kinase Aurora-B inhibitor,INHIBITOR,,False,CHEMBL1908397
FUNCTION_KARD_PP2A,AURKB,Q96GD4,CHEMBL2185,Aurora kinase B,SINGLE PROTEIN,CHEMBL4289017,PF-03814735,CHEMBL4289017,1.0,,Serine/threonine-protein kinase Aurora-B inhibitor,INHIBITOR,,False,CHEMBL4289017
FUNCTION_KARD_PP2A,AURKB,Q96GD4,CHEMBL2185,Aurora kinase B,SINGLE PROTEIN,CHEMBL3544932,TAK-901,CHEMBL3544932,1.0,,Serine/threonine-protein kinase Aurora-B inhibitor,INHIBITOR,,False,CHEMBL3544932
FUNCTION_KARD_PP2A,AURKB,Q96GD4,CHEMBL2185,Aurora kinase B,SINGLE PROTEIN,CHEMBL495727,AT-9283,CHEMBL495727,2.0,,Serine/threonine-protein kinase Aurora-B inhibitor,INHIBITOR,,False,CHEMBL495727
FUNCTION_KARD_PP2A,AURKB,Q96GD4,CHEMBL2185,Aurora kinase B,SINGLE PROTEIN,CHEMBL3545395,BI-811283,CHEMBL3545395,2.0,,Serine/threonine-protein kinase Aurora-B inhibitor,INHIBITOR,,False,CHEMBL3545395
FUNCTION_KARD_PP2A,AURKB,Q96GD4,CHEMBL2185,Aurora kinase B,SINGLE PROTEIN,CHEMBL482968,ENMD-2076,CHEMBL482968,2.0,,Serine/threonine-protein kinase Aurora-B inhibitor,INHIBITOR,,False,CHEMBL482968
FUNCTION_KARD_PP2A,AURKB,Q96GD4,CHEMBL2185,Aurora kinase B,SINGLE PROTEIN,CHEMBL415049,BARASERTIB,CHEMBL415049,3.0,,Serine/threonine-protein kinase Aurora-B inhibitor,INHIBITOR,,False,CHEMBL415049
FUNCTION_KARD_PP2A,AURKB,Q96GD4,CHEMBL3430911,Serine/threonine-protein kinase Aurora,PROTEIN FAMILY,CHEMBL1980297,ILORASERTIB,CHEMBL1980297,2.0,,Serine/threonine-protein kinase Aurora inhibitor,INHIBITOR,,False,CHEMBL1980297
FUNCTION_KARD_PP2A,AURKB,Q96GD4,CHEMBL3430911,Serine/threonine-protein kinase Aurora,PROTEIN FAMILY,CHEMBL2140408,AMG-900,CHEMBL2140408,1.0,,Serine/threonine-protein kinase Aurora inhibitor,INHIBITOR,,False,CHEMBL2140408
FUNCTION_KARD_PP2A,AURKB,Q96GD4,CHEMBL3430911,Serine/threonine-protein kinase Aurora,PROTEIN FAMILY,CHEMBL1967878,CENISERTIB,CHEMBL1967878,2.0,,Serine/threonine-protein kinase Aurora inhibitor,INHIBITOR,,False,CHEMBL1967878
FUNCTION_KARD_PP2A,AURKB,Q96GD4,CHEMBL3430911,Serine/threonine-protein kinase Aurora,PROTEIN FAMILY,CHEMBL482967,CYC-116,CHEMBL482967,1.0,,Serine/threonine-protein kinase Aurora inhibitor,INHIBITOR,,False,CHEMBL482967
FUNCTION_KARD_PP2A,AURKB,Q96GD4,CHEMBL3430911,Serine/threonine-protein kinase Aurora,PROTEIN FAMILY,CHEMBL3545378,MK-6592,CHEMBL3545378,1.0,,Serine/threonine-protein kinase Aurora inhibitor,INHIBITOR,,False,CHEMBL3545378
FUNCTION_KARD_PP2A,AURKB,Q96GD4,CHEMBL3430911,Serine/threonine-protein kinase Aurora,PROTEIN FAMILY,CHEMBL482767,SNS-314,CHEMBL482767,1.0,,Serine/threonine-protein kinase Aurora inhibitor,INHIBITOR,,False,CHEMBL482767
FUNCTION_KARD_PP2A,AURKB,Q96GD4,CHEMBL3430911,Serine/threonine-protein kinase Aurora,PROTEIN FAMILY,CHEMBL3545327,TTP-607,CHEMBL3545327,1.0,,Serine/threonine-protein kinase Aurora inhibitor,INHIBITOR,,False,CHEMBL3545327
FUNCTION_KARD_PP2A,AURKB,Q96GD4,CHEMBL3430911,Serine/threonine-protein kinase Aurora,PROTEIN FAMILY,CHEMBL572878,TOZASERTIB,CHEMBL572878,2.0,,Serine/threonine-protein kinase Aurora inhibitor,INHIBITOR,,False,CHEMBL572878
FUNCTION_KARD_PP2A,AURKB,Q96GD4,CHEMBL3430911,Serine/threonine-protein kinase Aurora,PROTEIN FAMILY,CHEMBL402548,DANUSERTIB,CHEMBL402548,2.0,,Serine/threonine-protein kinase Aurora inhibitor,INHIBITOR,,False,CHEMBL402548
FUNCTION_KARD_PP2A,PPP2CA,P67775,CHEMBL4703,Serine/threonine-protein phosphatase 2A catalytic subunit alpha isoform,SINGLE PROTEIN,CHEMBL4297300,LB-100,CHEMBL4297300,2.0,,"Serine/threonine protein phosphatase 2A, catalytic subunit, alpha isoform inhibitor",INHIBITOR,,False,CHEMBL4297300
FUNCTION_KARD_PP2A,PLK1,P53350,CHEMBL3024,Serine/threonine-protein kinase PLK1,SINGLE PROTEIN,CHEMBL1908394,GSK-461364,CHEMBL1908394,1.0,,Serine/threonine-protein kinase PLK1 inhibitor,INHIBITOR,,False,CHEMBL1908394
FUNCTION_KARD_PP2A,PLK1,P53350,CHEMBL3024,Serine/threonine-protein kinase PLK1,SINGLE PROTEIN,CHEMBL3991927,HMN-214,CHEMBL3991927,1.0,,Serine/threonine-protein kinase PLK1 inhibitor,INHIBITOR,,False,CHEMBL3991927
FUNCTION_KARD_PP2A,PLK1,P53350,CHEMBL3024,Serine/threonine-protein kinase PLK1,SINGLE PROTEIN,CHEMBL5314387,MK-1496,CHEMBL5314387,1.0,,Serine/threonine-protein kinase PLK1 inhibitor,INHIBITOR,,False,CHEMBL5314387
FUNCTION_KARD_PP2A,PLK1,P53350,CHEMBL3024,Serine/threonine-protein kinase PLK1,SINGLE PROTEIN,CHEMBL1738758,ONVANSERTIB,CHEMBL1738758,2.0,,Serine/threonine-protein kinase PLK1 inhibitor,INHIBITOR,,False,CHEMBL1738758
FUNCTION_KARD_PP2A,PLK1,P53350,CHEMBL3024,Serine/threonine-protein kinase PLK1,SINGLE PROTEIN,CHEMBL2392545,TAK-960,CHEMBL2392545,1.0,,Serine/threonine-protein kinase PLK1 inhibitor,INHIBITOR,,False,CHEMBL2392545
FUNCTION_KARD_PP2A,PLK1,P53350,CHEMBL3024,Serine/threonine-protein kinase PLK1,SINGLE PROTEIN,CHEMBL3545354,CAFUSERTIB,CHEMBL3545354,1.0,,Serine/threonine-protein kinase PLK1 inhibitor,INHIBITOR,,False,CHEMBL3545354
FUNCTION_KARD_PP2A,PLK1,P53350,CHEMBL3024,Serine/threonine-protein kinase PLK1,SINGLE PROTEIN,CHEMBL513909,BI-2536,CHEMBL513909,2.0,,Serine/threonine-protein kinase PLK1 inhibitor,INHIBITOR,,False,CHEMBL513909
FUNCTION_KARD_PP2A,PLK1,P53350,CHEMBL3024,Serine/threonine-protein kinase PLK1,SINGLE PROTEIN,CHEMBL1233528,VOLASERTIB,CHEMBL1233528,3.0,,Serine/threonine-protein kinase PLK1 inhibitor,INHIBITOR,,False,CHEMBL1233528
FUNCTION_KARD_PP2A,CDK1,P06493,CHEMBL308,Cyclin-dependent kinase 1,SINGLE PROTEIN,CHEMBL3545420,AG-24322,CHEMBL3545420,1.0,,Cyclin-dependent kinase 1 inhibitor,INHIBITOR,,False,CHEMBL3545420
FUNCTION_KARD_PP2A,CDK1,P06493,CHEMBL308,Cyclin-dependent kinase 1,SINGLE PROTEIN,CHEMBL384304,RG-547,CHEMBL384304,2.0,,Cyclin-dependent kinase 1 inhibitor,INHIBITOR,,False,CHEMBL384304
FUNCTION_KARD_PP2A,CDK1,P06493,CHEMBL308,Cyclin-dependent kinase 1,SINGLE PROTEIN,CHEMBL3545083,RGB-286638,CHEMBL3545083,1.0,,Cyclin-dependent kinase 1 inhibitor,INHIBITOR,,False,CHEMBL3545083
FUNCTION_KARD_PP2A,CDK1,P06493,CHEMBL308,Cyclin-dependent kinase 1,SINGLE PROTEIN,CHEMBL1944698,ZOTIRACICLIB,CHEMBL1944698,2.0,,Cyclin-dependent kinase 1 inhibitor,INHIBITOR,,False,CHEMBL1944698
FUNCTION_KARD_PP2A,CDK1,P06493,CHEMBL308,Cyclin-dependent kinase 1,SINGLE PROTEIN,CHEMBL14762,SELICICLIB,CHEMBL14762,2.0,,Cyclin-dependent kinase 1 inhibitor,INHIBITOR,,False,CHEMBL14762
FUNCTION_KARD_PP2A,CDK1,P06493,CHEMBL308,Cyclin-dependent kinase 1,SINGLE PROTEIN,CHEMBL3545283,RIVICICLIB,CHEMBL3545283,2.0,,Cyclin-dependent kinase 1 inhibitor,INHIBITOR,,False,CHEMBL3545283
FUNCTION_KARD_PP2A,CDK1,P06493,CHEMBL308,Cyclin-dependent kinase 1,SINGLE PROTEIN,CHEMBL564829,MILCICLIB,CHEMBL564829,2.0,,Cyclin-dependent kinase 1 inhibitor,INHIBITOR,,False,CHEMBL564829
FUNCTION_KARD_PP2A,CDK1,P06493,CHEMBL308,Cyclin-dependent kinase 1,SINGLE PROTEIN,CHEMBL428690,ALVOCIDIB,CHEMBL428690,3.0,,Cyclin-dependent kinase 1 inhibitor,INHIBITOR,,False,CHEMBL428690
FUNCTION_KARD_PP2A,CDK1,P06493,CHEMBL308,Cyclin-dependent kinase 1,SINGLE PROTEIN,CHEMBL2103840,DINACICLIB,CHEMBL2103840,3.0,,Cyclin-dependent kinase 1 inhibitor,INHIBITOR,,False,CHEMBL2103840
FUNCTION_KARD_PP2A,CDK1,P06493,CHEMBL3559691,Cyclin-dependent kinase,PROTEIN FAMILY,CHEMBL488436,AZD-5438,CHEMBL488436,1.0,,Cyclin-dependent kinase inhibitor,INHIBITOR,,False,CHEMBL488436
FUNCTION_KARD_PP2A,CDK1,P06493,CHEMBL3559691,Cyclin-dependent kinase,PROTEIN FAMILY,CHEMBL1230607,PHA-793887,CHEMBL1230607,1.0,,Cyclin-dependent kinase inhibitor,INHIBITOR,,False,CHEMBL1230607
FUNCTION_KARD_PP2A,CDK1,P06493,CHEMBL3559691,Cyclin-dependent kinase,PROTEIN FAMILY,CHEMBL445813,AT-7519,CHEMBL445813,2.0,,Cyclin-dependent kinase inhibitor,INHIBITOR,,False,CHEMBL445813
FUNCTION_KARD_PP2A,CDK1,P06493,CHEMBL3559691,Cyclin-dependent kinase,PROTEIN FAMILY,CHEMBL4442620,RONICICLIB,CHEMBL4442620,2.0,,Cyclin-dependent kinase inhibitor,INHIBITOR,,False,CHEMBL4442620
FUNCTION_SAC,TTK,P33981,CHEMBL3983,Dual specificity protein kinase TTK,SINGLE PROTEIN,CHEMBL4303241,BAY-1161909,CHEMBL4303241,2.0,,Dual specificity protein kinase TTK inhibitor,INHIBITOR,,False,CHEMBL4303241
FUNCTION_SAC,TTK,P33981,CHEMBL3983,Dual specificity protein kinase TTK,SINGLE PROTEIN,CHEMBL4456085,BAY-1217389,CHEMBL4456085,1.0,,Dual specificity protein kinase TTK inhibitor,INHIBITOR,,False,CHEMBL4456085
DOWNSTREAM_IFN,JAK1,P23458,CHEMBL2835,Tyrosine-protein kinase JAK1,SINGLE PROTEIN,CHEMBL1795071,RUXOLITINIB PHOSPHATE,CHEMBL1789941,4.0,2011.0,Tyrosine-protein kinase JAK1 inhibitor,INHIBITOR,,True,CHEMBL1789941
DOWNSTREAM_IFN,JAK1,P23458,CHEMBL2835,Tyrosine-protein kinase JAK1,SINGLE PROTEIN,CHEMBL4116008,CERDULATINIB,CHEMBL4116008,2.0,,Tyrosine-protein kinase JAK1 inhibitor,INHIBITOR,,False,CHEMBL4116008
DOWNSTREAM_IFN,JAK1,P23458,CHEMBL2835,Tyrosine-protein kinase JAK1,SINGLE PROTEIN,CHEMBL3545249,GLPG-0555,CHEMBL3545249,1.0,,Tyrosine-protein kinase JAK1 inhibitor,INHIBITOR,,False,CHEMBL3545249
DOWNSTREAM_IFN,JAK1,P23458,CHEMBL2835,Tyrosine-protein kinase JAK1,SINGLE PROTEIN,CHEMBL3655081,ABROCITINIB,CHEMBL3655081,4.0,2021.0,Tyrosine-protein kinase JAK1 inhibitor,INHIBITOR,,True,CHEMBL3655081
DOWNSTREAM_IFN,JAK1,P23458,CHEMBL2835,Tyrosine-protein kinase JAK1,SINGLE PROTEIN,CHEMBL2106468,TRICETAMIDE,CHEMBL2106468,1.0,,Tyrosine-protein kinase JAK1 inhibitor,INHIBITOR,,False,CHEMBL2106468
DOWNSTREAM_IFN,JAK1,P23458,CHEMBL2835,Tyrosine-protein kinase JAK1,SINGLE PROTEIN,CHEMBL3301607,FILGOTINIB,CHEMBL3301607,4.0,2020.0,Tyrosine-protein kinase JAK1 inhibitor,INHIBITOR,,True,CHEMBL3301607
DOWNSTREAM_IFN,JAK1,P23458,CHEMBL2835,Tyrosine-protein kinase JAK1,SINGLE PROTEIN,CHEMBL3301606,SOLCITINIB,CHEMBL3301606,2.0,,Tyrosine-protein kinase JAK1 inhibitor,INHIBITOR,,False,CHEMBL3301606
DOWNSTREAM_IFN,JAK1,P23458,CHEMBL2835,Tyrosine-protein kinase JAK1,SINGLE PROTEIN,CHEMBL3622820,ITACITINIB,CHEMBL3622820,3.0,,Tyrosine-protein kinase JAK1 inhibitor,INHIBITOR,,False,CHEMBL3622820
DOWNSTREAM_IFN,JAK1,P23458,CHEMBL2835,Tyrosine-protein kinase JAK1,SINGLE PROTEIN,CHEMBL3545225,INCB-047986,CHEMBL3545225,2.0,,Tyrosine-protein kinase JAK1 inhibitor,INHIBITOR,,False,CHEMBL3545225
DOWNSTREAM_IFN,JAK1,P23458,CHEMBL2835,Tyrosine-protein kinase JAK1,SINGLE PROTEIN,CHEMBL1078178,MOMELOTINIB,CHEMBL1078178,4.0,2023.0,Tyrosine-protein kinase JAK1 inhibitor,INHIBITOR,,True,CHEMBL1078178
DOWNSTREAM_IFN,JAK1,P23458,CHEMBL2835,Tyrosine-protein kinase JAK1,SINGLE PROTEIN,CHEMBL2105759,BARICITINIB,CHEMBL2105759,4.0,2017.0,Tyrosine-protein kinase JAK1 inhibitor,INHIBITOR,,True,CHEMBL2105759
DOWNSTREAM_IFN,JAK1,P23458,CHEMBL2835,Tyrosine-protein kinase JAK1,SINGLE PROTEIN,CHEMBL4297477,BREPOCITINIB,CHEMBL4297477,3.0,,Tyrosine-protein kinase JAK1 inhibitor,INHIBITOR,,False,CHEMBL4297477
DOWNSTREAM_IFN,JAK1,P23458,CHEMBL2835,Tyrosine-protein kinase JAK1,SINGLE PROTEIN,CHEMBL4577523,GOLIDOCITINIB,CHEMBL4577523,2.0,,Tyrosine-protein kinase JAK1 inhibitor,INHIBITOR,,False,CHEMBL4577523
DOWNSTREAM_IFN,JAK1,P23458,CHEMBL2835,Tyrosine-protein kinase JAK1,SINGLE PROTEIN,CHEMBL4298167,FILGOTINIB MALEATE,CHEMBL3301607,4.0,2020.0,Tyrosine-protein kinase JAK1 inhibitor,INHIBITOR,,True,CHEMBL3301607
DOWNSTREAM_IFN,JAK1,P23458,CHEMBL2835,Tyrosine-protein kinase JAK1,SINGLE PROTEIN,CHEMBL5315119,UPADACITINIB HEMIHYDRATE,CHEMBL3622821,4.0,2019.0,Tyrosine-protein kinase JAK1 inhibitor,INHIBITOR,,True,CHEMBL3622821
DOWNSTREAM_IFN,JAK1,P23458,CHEMBL2835,Tyrosine-protein kinase JAK1,SINGLE PROTEIN,CHEMBL4594382,DEURUXOLITINIB PHOSPHATE,CHEMBL1789941,4.0,2024.0,Tyrosine-protein kinase JAK1 inhibitor,INHIBITOR,,True,CHEMBL1789941
DOWNSTREAM_IFN,JAK1,P23458,CHEMBL2835,Tyrosine-protein kinase JAK1,SINGLE PROTEIN,CHEMBL6068336,MOMELOTINIB DIHYDROCHLORIDE MONOHYDRATE,CHEMBL1078178,4.0,2024.0,Tyrosine-protein kinase JAK1 inhibitor,INHIBITOR,,True,CHEMBL1078178
DOWNSTREAM_IFN,JAK1,P23458,CHEMBL2363062,Janus Kinase (JAK),PROTEIN FAMILY,CHEMBL2103743,TOFACITINIB CITRATE,CHEMBL221959,4.0,2012.0,Janus Kinase (JAK) inhibitor,INHIBITOR,,True,CHEMBL221959
DOWNSTREAM_IFN,JAK1,P23458,CHEMBL2363062,Janus Kinase (JAK),PROTEIN FAMILY,CHEMBL3137308,PEFICITINIB,CHEMBL3137308,4.0,2019.0,Janus Kinase (JAK) inhibitor,INHIBITOR,,True,CHEMBL3137308
DOWNSTREAM_IFN,JAK1,P23458,CHEMBL2363062,Janus Kinase (JAK),PROTEIN FAMILY,CHEMBL4297507,DELGOCITINIB,CHEMBL4297507,3.0,,Janus Kinase (JAK) inhibitor,INHIBITOR,,False,CHEMBL4297507
DOWNSTREAM_IFN,JAK1,P23458,CHEMBL2363062,Janus Kinase (JAK),PROTEIN FAMILY,CHEMBL4594275,GUSACITINIB,CHEMBL4594275,2.0,,Janus Kinase (JAK) inhibitor,INHIBITOR,,False,CHEMBL4594275
DOWNSTREAM_IFN,JAK1,P23458,CHEMBL2363062,Janus Kinase (JAK),PROTEIN FAMILY,CHEMBL4650343,IZENCITINIB,CHEMBL4650343,2.0,,Janus Kinase (JAK) inhibitor,INHIBITOR,,False,CHEMBL4650343
DOWNSTREAM_IFN,JAK1,P23458,CHEMBL2363062,Janus Kinase (JAK),PROTEIN FAMILY,CHEMBL4802163,NEZULCITINIB,CHEMBL4802163,2.0,,Janus Kinase (JAK) inhibitor,INHIBITOR,,False,CHEMBL4802163
DOWNSTREAM_IFN,JAK2,O60674,CHEMBL2971,Tyrosine-protein kinase JAK2,SINGLE PROTEIN,CHEMBL1795071,RUXOLITINIB PHOSPHATE,CHEMBL1789941,4.0,2011.0,Tyrosine-protein kinase JAK2 inhibitor,INHIBITOR,,True,CHEMBL1789941
DOWNSTREAM_IFN,JAK2,O60674,CHEMBL2971,Tyrosine-protein kinase JAK2,SINGLE PROTEIN,CHEMBL3545241,AC-430,CHEMBL3545241,1.0,,Tyrosine-protein kinase JAK2 inhibitor,INHIBITOR,,False,CHEMBL3545241
DOWNSTREAM_IFN,JAK2,O60674,CHEMBL2971,Tyrosine-protein kinase JAK2,SINGLE PROTEIN,CHEMBL2035185,CT-1578,CHEMBL2035185,1.0,,Tyrosine-protein kinase JAK2 inhibitor,INHIBITOR,,False,CHEMBL2035185
DOWNSTREAM_IFN,JAK2,O60674,CHEMBL2971,Tyrosine-protein kinase JAK2,SINGLE PROTEIN,CHEMBL5095023,LS-104,CHEMBL5095023,1.0,,Tyrosine-protein kinase JAK2 inhibitor,INHIBITOR,,False,CHEMBL5095023
DOWNSTREAM_IFN,JAK2,O60674,CHEMBL2971,Tyrosine-protein kinase JAK2,SINGLE PROTEIN,CHEMBL1944698,ZOTIRACICLIB,CHEMBL1944698,2.0,,Tyrosine-protein kinase JAK2 inhibitor,INHIBITOR,,False,CHEMBL1944698
DOWNSTREAM_IFN,JAK2,O60674,CHEMBL2971,Tyrosine-protein kinase JAK2,SINGLE PROTEIN,CHEMBL3545328,XL-019,CHEMBL3545328,1.0,,Tyrosine-protein kinase JAK2 inhibitor,INHIBITOR,,False,CHEMBL3545328
DOWNSTREAM_IFN,JAK2,O60674,CHEMBL2971,Tyrosine-protein kinase JAK2,SINGLE PROTEIN,CHEMBL495727,AT-9283,CHEMBL495727,2.0,,Tyrosine-protein kinase JAK2 inhibitor,INHIBITOR,,False,CHEMBL495727
DOWNSTREAM_IFN,JAK2,O60674,CHEMBL2971,Tyrosine-protein kinase JAK2,SINGLE PROTEIN,CHEMBL1231124,AZD-1480,CHEMBL1231124,2.0,,Tyrosine-protein kinase JAK2 inhibitor,INHIBITOR,,False,CHEMBL1231124
DOWNSTREAM_IFN,JAK2,O60674,CHEMBL2971,Tyrosine-protein kinase JAK2,SINGLE PROTEIN,CHEMBL3545215,BMS-911543,CHEMBL3545215,2.0,,Tyrosine-protein kinase JAK2 inhibitor,INHIBITOR,,False,CHEMBL3545215
DOWNSTREAM_IFN,JAK2,O60674,CHEMBL2971,Tyrosine-protein kinase JAK2,SINGLE PROTEIN,CHEMBL2107823,GANDOTINIB,CHEMBL2107823,2.0,,Tyrosine-protein kinase JAK2 inhibitor,INHIBITOR,,False,CHEMBL2107823
DOWNSTREAM_IFN,JAK2,O60674,CHEMBL2971,Tyrosine-protein kinase JAK2,SINGLE PROTEIN,CHEMBL4303389,NS-018,CHEMBL4303389,2.0,,Tyrosine-protein kinase JAK2 inhibitor,INHIBITOR,,False,CHEMBL4303389
DOWNSTREAM_IFN,JAK2,O60674,CHEMBL2971,Tyrosine-protein kinase JAK2,SINGLE PROTEIN,CHEMBL603469,LESTAURTINIB,CHEMBL603469,3.0,,Tyrosine-protein kinase JAK2 inhibitor,INHIBITOR,,False,CHEMBL603469
DOWNSTREAM_IFN,JAK2,O60674,CHEMBL2971,Tyrosine-protein kinase JAK2,SINGLE PROTEIN,CHEMBL1078178,MOMELOTINIB,CHEMBL1078178,4.0,2023.0,Tyrosine-protein kinase JAK2 inhibitor,INHIBITOR,,True,CHEMBL1078178
DOWNSTREAM_IFN,JAK2,O60674,CHEMBL2971,Tyrosine-protein kinase JAK2,SINGLE PROTEIN,CHEMBL2105759,BARICITINIB,CHEMBL2105759,4.0,2017.0,Tyrosine-protein kinase JAK2 inhibitor,INHIBITOR,,True,CHEMBL2105759
DOWNSTREAM_IFN,JAK2,O60674,CHEMBL2971,Tyrosine-protein kinase JAK2,SINGLE PROTEIN,CHEMBL1287853,FEDRATINIB,CHEMBL1287853,4.0,2019.0,Tyrosine-protein kinase JAK2 inhibitor,INHIBITOR,,True,CHEMBL1287853
DOWNSTREAM_IFN,JAK2,O60674,CHEMBL2971,Tyrosine-protein kinase JAK2,SINGLE PROTEIN,CHEMBL2035187,PACRITINIB,CHEMBL2035187,4.0,2022.0,Tyrosine-protein kinase JAK2 inhibitor,INHIBITOR,,True,CHEMBL2035187
DOWNSTREAM_IFN,JAK2,O60674,CHEMBL2971,Tyrosine-protein kinase JAK2,SINGLE PROTEIN,CHEMBL4297216,FEDRATINIB HYDROCHLORIDE,CHEMBL1287853,4.0,2019.0,Tyrosine-protein kinase JAK2 inhibitor,INHIBITOR,,True,CHEMBL1287853
DOWNSTREAM_IFN,JAK2,O60674,CHEMBL2971,Tyrosine-protein kinase JAK2,SINGLE PROTEIN,CHEMBL5095049,PACRITINIB CITRATE,CHEMBL2035187,4.0,2022.0,Tyrosine-protein kinase JAK2 inhibitor,INHIBITOR,,True,CHEMBL2035187
DOWNSTREAM_IFN,JAK2,O60674,CHEMBL2971,Tyrosine-protein kinase JAK2,SINGLE PROTEIN,CHEMBL5095049,PACRITINIB CITRATE,CHEMBL2035187,4.0,2022.0,Tyrosine-protein kinase JAK2 inhibitor,INHIBITOR,,True,CHEMBL2035187
DOWNSTREAM_IFN,JAK2,O60674,CHEMBL2971,Tyrosine-protein kinase JAK2,SINGLE PROTEIN,CHEMBL3301607,FILGOTINIB,CHEMBL3301607,4.0,2020.0,Tyrosine-protein kinase JAK2 inhibitor,INHIBITOR,,True,CHEMBL3301607
DOWNSTREAM_IFN,JAK2,O60674,CHEMBL2971,Tyrosine-protein kinase JAK2,SINGLE PROTEIN,CHEMBL4298167,FILGOTINIB MALEATE,CHEMBL3301607,4.0,2020.0,Tyrosine-protein kinase JAK2 inhibitor,INHIBITOR,,True,CHEMBL3301607
DOWNSTREAM_IFN,JAK2,O60674,CHEMBL2971,Tyrosine-protein kinase JAK2,SINGLE PROTEIN,CHEMBL5315119,UPADACITINIB HEMIHYDRATE,CHEMBL3622821,4.0,2019.0,Tyrosine-protein kinase JAK2 inhibitor,INHIBITOR,,True,CHEMBL3622821
DOWNSTREAM_IFN,JAK2,O60674,CHEMBL2971,Tyrosine-protein kinase JAK2,SINGLE PROTEIN,CHEMBL4594382,DEURUXOLITINIB PHOSPHATE,CHEMBL1789941,4.0,2024.0,Tyrosine-protein kinase JAK2 inhibitor,INHIBITOR,,True,CHEMBL1789941
DOWNSTREAM_IFN,JAK2,O60674,CHEMBL2971,Tyrosine-protein kinase JAK2,SINGLE PROTEIN,CHEMBL6068336,MOMELOTINIB DIHYDROCHLORIDE MONOHYDRATE,CHEMBL1078178,4.0,2024.0,Tyrosine-protein kinase JAK2 inhibitor,INHIBITOR,,True,CHEMBL1078178
DOWNSTREAM_IFN,JAK2,O60674,CHEMBL2971,Tyrosine-protein kinase JAK2,SINGLE PROTEIN,CHEMBL6068336,MOMELOTINIB DIHYDROCHLORIDE MONOHYDRATE,CHEMBL1078178,4.0,2024.0,Tyrosine-protein kinase JAK2 inhibitor,INHIBITOR,,True,CHEMBL1078178
DOWNSTREAM_IFN,JAK2,O60674,CHEMBL2363062,Janus Kinase (JAK),PROTEIN FAMILY,CHEMBL2103743,TOFACITINIB CITRATE,CHEMBL221959,4.0,2012.0,Janus Kinase (JAK) inhibitor,INHIBITOR,,True,CHEMBL221959
DOWNSTREAM_IFN,JAK2,O60674,CHEMBL2363062,Janus Kinase (JAK),PROTEIN FAMILY,CHEMBL3137308,PEFICITINIB,CHEMBL3137308,4.0,2019.0,Janus Kinase (JAK) inhibitor,INHIBITOR,,True,CHEMBL3137308
DOWNSTREAM_IFN,JAK2,O60674,CHEMBL2363062,Janus Kinase (JAK),PROTEIN FAMILY,CHEMBL4297507,DELGOCITINIB,CHEMBL4297507,3.0,,Janus Kinase (JAK) inhibitor,INHIBITOR,,False,CHEMBL4297507
DOWNSTREAM_IFN,JAK2,O60674,CHEMBL2363062,Janus Kinase (JAK),PROTEIN FAMILY,CHEMBL4594275,GUSACITINIB,CHEMBL4594275,2.0,,Janus Kinase (JAK) inhibitor,INHIBITOR,,False,CHEMBL4594275
DOWNSTREAM_IFN,JAK2,O60674,CHEMBL2363062,Janus Kinase (JAK),PROTEIN FAMILY,CHEMBL4650343,IZENCITINIB,CHEMBL4650343,2.0,,Janus Kinase (JAK) inhibitor,INHIBITOR,,False,CHEMBL4650343
DOWNSTREAM_IFN,JAK2,O60674,CHEMBL2363062,Janus Kinase (JAK),PROTEIN FAMILY,CHEMBL4802163,NEZULCITINIB,CHEMBL4802163,2.0,,Janus Kinase (JAK) inhibitor,INHIBITOR,,False,CHEMBL4802163
DOWNSTREAM_MTOR_AUTOPHAGY,MTOR,P42345,CHEMBL2842,Serine/threonine-protein kinase mTOR,SINGLE PROTEIN,CHEMBL3545097,SAPANISERTIB,CHEMBL3545097,2.0,,Serine/threonine-protein kinase mTOR inhibitor,INHIBITOR,,False,CHEMBL3545097
DOWNSTREAM_MTOR_AUTOPHAGY,MTOR,P42345,CHEMBL2842,Serine/threonine-protein kinase mTOR,SINGLE PROTEIN,CHEMBL1801204,AZD-8055,CHEMBL1801204,1.0,,Serine/threonine-protein kinase mTOR inhibitor,INHIBITOR,,False,CHEMBL1801204
DOWNSTREAM_MTOR_AUTOPHAGY,MTOR,P42345,CHEMBL2842,Serine/threonine-protein kinase mTOR,SINGLE PROTEIN,CHEMBL3586573,CC-115,CHEMBL3586573,2.0,,Serine/threonine-protein kinase mTOR inhibitor,INHIBITOR,,False,CHEMBL3586573
DOWNSTREAM_MTOR_AUTOPHAGY,MTOR,P42345,CHEMBL2842,Serine/threonine-protein kinase mTOR,SINGLE PROTEIN,CHEMBL3544963,DS-3078A,CHEMBL3544963,1.0,,Serine/threonine-protein kinase mTOR inhibitor,INHIBITOR,,False,CHEMBL3544963
DOWNSTREAM_MTOR_AUTOPHAGY,MTOR,P42345,CHEMBL2842,Serine/threonine-protein kinase mTOR,SINGLE PROTEIN,CHEMBL3545248,DS-7423,CHEMBL3545248,1.0,,Serine/threonine-protein kinase mTOR inhibitor,INHIBITOR,,False,CHEMBL3545248
DOWNSTREAM_MTOR_AUTOPHAGY,MTOR,P42345,CHEMBL2842,Serine/threonine-protein kinase mTOR,SINGLE PROTEIN,CHEMBL1236962,OMIPALISIB,CHEMBL1236962,2.0,,Serine/threonine-protein kinase mTOR inhibitor,INHIBITOR,,False,CHEMBL1236962
DOWNSTREAM_MTOR_AUTOPHAGY,MTOR,P42345,CHEMBL2842,Serine/threonine-protein kinase mTOR,SINGLE PROTEIN,CHEMBL5095025,PANULISIB,CHEMBL5095025,2.0,,Serine/threonine-protein kinase mTOR inhibitor,INHIBITOR,,False,CHEMBL5095025
DOWNSTREAM_MTOR_AUTOPHAGY,MTOR,P42345,CHEMBL2842,Serine/threonine-protein kinase mTOR,SINGLE PROTEIN,CHEMBL2141712,PALOMID-529,CHEMBL2141712,1.0,,Serine/threonine-protein kinase mTOR inhibitor,INHIBITOR,,False,CHEMBL2141712
DOWNSTREAM_MTOR_AUTOPHAGY,MTOR,P42345,CHEMBL2842,Serine/threonine-protein kinase mTOR,SINGLE PROTEIN,CHEMBL1258517,PKI-179,CHEMBL1258517,1.0,,Serine/threonine-protein kinase mTOR inhibitor,INHIBITOR,,False,CHEMBL1258517
DOWNSTREAM_MTOR_AUTOPHAGY,MTOR,P42345,CHEMBL2842,Serine/threonine-protein kinase mTOR,SINGLE PROTEIN,CHEMBL3545323,PWT-33579,CHEMBL3545323,1.0,,Serine/threonine-protein kinase mTOR inhibitor,INHIBITOR,,False,CHEMBL3545323
DOWNSTREAM_MTOR_AUTOPHAGY,MTOR,P42345,CHEMBL2842,Serine/threonine-protein kinase mTOR,SINGLE PROTEIN,CHEMBL3545006,PWT-33587,CHEMBL3545006,1.0,,Serine/threonine-protein kinase mTOR inhibitor,INHIBITOR,,False,CHEMBL3545006
DOWNSTREAM_MTOR_AUTOPHAGY,MTOR,P42345,CHEMBL2842,Serine/threonine-protein kinase mTOR,SINGLE PROTEIN,CHEMBL2331680,RG-7603,CHEMBL2331680,1.0,,Serine/threonine-protein kinase mTOR inhibitor,INHIBITOR,,False,CHEMBL2331680
DOWNSTREAM_MTOR_AUTOPHAGY,MTOR,P42345,CHEMBL2842,Serine/threonine-protein kinase mTOR,SINGLE PROTEIN,CHEMBL2326966,SF-1126,CHEMBL2326966,2.0,,Serine/threonine-protein kinase mTOR inhibitor,INHIBITOR,,False,CHEMBL2326966
DOWNSTREAM_MTOR_AUTOPHAGY,MTOR,P42345,CHEMBL2842,Serine/threonine-protein kinase mTOR,SINGLE PROTEIN,CHEMBL3393066,VS-5584,CHEMBL3393066,1.0,,Serine/threonine-protein kinase mTOR inhibitor,INHIBITOR,,False,CHEMBL3393066
DOWNSTREAM_MTOR_AUTOPHAGY,MTOR,P42345,CHEMBL2842,Serine/threonine-protein kinase mTOR,SINGLE PROTEIN,CHEMBL1879463,DACTOLISIB,CHEMBL1879463,3.0,,Serine/threonine-protein kinase mTOR inhibitor,INHIBITOR,,False,CHEMBL1879463
DOWNSTREAM_MTOR_AUTOPHAGY,MTOR,P42345,CHEMBL2842,Serine/threonine-protein kinase mTOR,SINGLE PROTEIN,CHEMBL3545096,BGT-226,CHEMBL3218578,2.0,,Serine/threonine-protein kinase mTOR inhibitor,INHIBITOR,,False,CHEMBL3218578
DOWNSTREAM_MTOR_AUTOPHAGY,MTOR,P42345,CHEMBL2842,Serine/threonine-protein kinase mTOR,SINGLE PROTEIN,CHEMBL3586404,ONATASERTIB,CHEMBL3586404,2.0,,Serine/threonine-protein kinase mTOR inhibitor,INHIBITOR,,False,CHEMBL3586404
DOWNSTREAM_MTOR_AUTOPHAGY,MTOR,P42345,CHEMBL2842,Serine/threonine-protein kinase mTOR,SINGLE PROTEIN,CHEMBL3120215,OSI-027,CHEMBL3120215,2.0,,Serine/threonine-protein kinase mTOR inhibitor,INHIBITOR,,False,CHEMBL3120215
DOWNSTREAM_MTOR_AUTOPHAGY,MTOR,P42345,CHEMBL2842,Serine/threonine-protein kinase mTOR,SINGLE PROTEIN,CHEMBL1234354,PF-04691502,CHEMBL1234354,2.0,,Serine/threonine-protein kinase mTOR inhibitor,INHIBITOR,,False,CHEMBL1234354
DOWNSTREAM_MTOR_AUTOPHAGY,MTOR,P42345,CHEMBL2842,Serine/threonine-protein kinase mTOR,SINGLE PROTEIN,CHEMBL592445,GEDATOLISIB,CHEMBL592445,3.0,,Serine/threonine-protein kinase mTOR inhibitor,INHIBITOR,,False,CHEMBL592445
DOWNSTREAM_MTOR_AUTOPHAGY,MTOR,P42345,CHEMBL2842,Serine/threonine-protein kinase mTOR,SINGLE PROTEIN,CHEMBL1922094,APITOLISIB,CHEMBL1922094,2.0,,Serine/threonine-protein kinase mTOR inhibitor,INHIBITOR,,False,CHEMBL1922094
DOWNSTREAM_MTOR_AUTOPHAGY,MTOR,P42345,CHEMBL2842,Serine/threonine-protein kinase mTOR,SINGLE PROTEIN,CHEMBL3545366,VOXTALISIB,CHEMBL3545366,2.0,,Serine/threonine-protein kinase mTOR inhibitor,INHIBITOR,,False,CHEMBL3545366
DOWNSTREAM_MTOR_AUTOPHAGY,MTOR,P42345,CHEMBL2842,Serine/threonine-protein kinase mTOR,SINGLE PROTEIN,CHEMBL4297181,SAMOTOLISIB,CHEMBL4297181,2.0,,Serine/threonine-protein kinase mTOR inhibitor,INHIBITOR,,False,CHEMBL4297181
DOWNSTREAM_MTOR_AUTOPHAGY,MTOR,P42345,CHEMBL2842,Serine/threonine-protein kinase mTOR,SINGLE PROTEIN,CHEMBL2103839,RIDAFOROLIMUS,CHEMBL2103839,3.0,,Serine/threonine-protein kinase mTOR inhibitor,INHIBITOR,,False,CHEMBL2103839
DOWNSTREAM_MTOR_AUTOPHAGY,MTOR,P42345,CHEMBL2842,Serine/threonine-protein kinase mTOR,SINGLE PROTEIN,CHEMBL1334033,PERHEXILINE MALEATE,CHEMBL75880,4.0,1974.0,Serine/threonine-protein kinase mTOR inhibitor,INHIBITOR,,True,CHEMBL75880
DOWNSTREAM_MTOR_AUTOPHAGY,MTOR,P42345,CHEMBL2842,Serine/threonine-protein kinase mTOR,SINGLE PROTEIN,CHEMBL2336325,VISTUSERTIB,CHEMBL2336325,2.0,,Serine/threonine-protein kinase mTOR inhibitor,INHIBITOR,,False,CHEMBL2336325
DOWNSTREAM_MTOR_AUTOPHAGY,MTOR,P42345,CHEMBL4296661,mTORC1,PROTEIN COMPLEX,CHEMBL571209,INDOXIMOD,CHEMBL571209,2.0,,mTORC1 activator,ACTIVATOR,,False,CHEMBL571209
