mouse_contrast,niacin_contrast,module,n_identical_orthologs,mouse_effect_log2,niacin_effect_log2,mouse_p_exact,niacin_p_exact,direction_status,original_NB11_FDR_signal,interpretation
GSE134780_skM_HH_vs_WT,patient_4m_vs_0m,Autophagy,264,0.01583753918785291,0.01360139413097805,0.5428571428571428,0.625,SMALL_OR_UNSTABLE_EFFECT,False,exploratory expression comparison; opposite direction is not rescue or synergy
GSE134780_skM_HH_vs_WT,patient_4m_vs_0m,Cytosolic_ribosome_sentinels,52,0.13855597333475345,-0.0370184012187349,0.45714285714285713,0.375,SMALL_OR_UNSTABLE_EFFECT,False,exploratory expression comparison; opposite direction is not rescue or synergy
GSE134780_skM_HH_vs_WT,patient_4m_vs_0m,DNA_damage_response,632,0.034184548929681924,0.002228164690122103,0.11428571428571428,0.75,SMALL_OR_UNSTABLE_EFFECT,False,exploratory expression comparison; opposite direction is not rescue or synergy
GSE134780_skM_HH_vs_WT,patient_4m_vs_0m,DNA_replication,181,-0.007469807086041058,-0.04776080763553514,0.8571428571428571,0.25,SMALL_OR_UNSTABLE_EFFECT,False,exploratory expression comparison; opposite direction is not rescue or synergy
GSE134780_skM_HH_vs_WT,patient_4m_vs_0m,ISRmt_author_sentinels,11,0.223865089927326,0.5024744135059727,0.2857142857142857,0.25,SMALL_OR_UNSTABLE_EFFECT,False,exploratory expression comparison; opposite direction is not rescue or synergy
GSE134780_skM_HH_vs_WT,patient_4m_vs_0m,Lysosome,595,0.0573459994629939,0.07029366235399603,0.17142857142857143,0.125,SMALL_OR_UNSTABLE_EFFECT,False,exploratory expression comparison; opposite direction is not rescue or synergy
GSE134780_skM_HH_vs_WT,patient_4m_vs_0m,Mito_import_localization,63,-0.10633948523598491,-0.010117539568800904,0.08571428571428572,0.75,SMALL_OR_UNSTABLE_EFFECT,False,exploratory expression comparison; opposite direction is not rescue or synergy
GSE134780_skM_HH_vs_WT,patient_4m_vs_0m,Mito_translation,104,-0.12458283830797079,-0.017147968751634046,0.17142857142857143,0.5,SMALL_OR_UNSTABLE_EFFECT,False,exploratory expression comparison; opposite direction is not rescue or synergy
GSE134780_skM_HH_vs_WT,patient_4m_vs_0m,Mitotic_cycle,404,0.02794715749884169,-0.018411258104709116,0.14285714285714285,0.625,SMALL_OR_UNSTABLE_EFFECT,False,exploratory expression comparison; opposite direction is not rescue or synergy
GSE134780_skM_HH_vs_WT,patient_4m_vs_0m,NAD_consuming_enzymes,13,0.016733583516193917,0.1038039715153547,0.8857142857142857,0.5,SMALL_OR_UNSTABLE_EFFECT,False,exploratory expression comparison; opposite direction is not rescue or synergy
GSE134780_skM_HH_vs_WT,patient_4m_vs_0m,NAD_synthesis_salvage,10,-0.06726048278103569,0.1173552401642537,0.5142857142857142,0.5,SMALL_OR_UNSTABLE_EFFECT,False,exploratory expression comparison; opposite direction is not rescue or synergy
GSE134780_skM_HH_vs_WT,patient_4m_vs_0m,OXPHOS,72,-0.15728510049843258,-0.017239270204657764,0.2,0.75,SMALL_OR_UNSTABLE_EFFECT,False,exploratory expression comparison; opposite direction is not rescue or synergy
GSE134780_skM_HH_vs_WT,patient_4m_vs_0m,Oxidative_stress,231,0.04587263555950294,0.02346061310409464,0.14285714285714285,0.25,SMALL_OR_UNSTABLE_EFFECT,False,exploratory expression comparison; opposite direction is not rescue or synergy
GSE134780_skM_HH_vs_WT,patient_4m_vs_0m,Protein_folding,168,-0.01584284972478578,-0.05524900870137017,0.7714285714285715,0.125,SMALL_OR_UNSTABLE_EFFECT,False,exploratory expression comparison; opposite direction is not rescue or synergy
GSE134780_skM_HH_vs_WT,patient_4m_vs_0m,Ubiquitin_proteolysis,480,-0.009510211658888323,0.0013668866083547115,0.7428571428571429,1.0,SMALL_OR_UNSTABLE_EFFECT,False,exploratory expression comparison; opposite direction is not rescue or synergy
GSE134780_skM_HH_vs_WT,patient_10m_vs_0m,Autophagy,264,0.01583753918785291,-0.060682848976374736,0.5428571428571428,0.25,SMALL_OR_UNSTABLE_EFFECT,False,exploratory expression comparison; opposite direction is not rescue or synergy
GSE134780_skM_HH_vs_WT,patient_10m_vs_0m,Cytosolic_ribosome_sentinels,52,0.13855597333475345,-0.18072735696846465,0.45714285714285713,0.25,SMALL_OR_UNSTABLE_EFFECT,False,exploratory expression comparison; opposite direction is not rescue or synergy
GSE134780_skM_HH_vs_WT,patient_10m_vs_0m,DNA_damage_response,645,0.03847450224817983,0.0008146686271383411,0.05714285714285714,1.0,SMALL_OR_UNSTABLE_EFFECT,False,exploratory expression comparison; opposite direction is not rescue or synergy
GSE134780_skM_HH_vs_WT,patient_10m_vs_0m,DNA_replication,187,-0.007477750205509892,0.029529500925080814,0.7714285714285715,0.75,SMALL_OR_UNSTABLE_EFFECT,False,exploratory expression comparison; opposite direction is not rescue or synergy
GSE134780_skM_HH_vs_WT,patient_10m_vs_0m,ISRmt_author_sentinels,11,0.223865089927326,0.1894743168315968,0.2857142857142857,0.75,SMALL_OR_UNSTABLE_EFFECT,False,exploratory expression comparison; opposite direction is not rescue or synergy
GSE134780_skM_HH_vs_WT,patient_10m_vs_0m,Lysosome,594,0.05464228502385282,-0.021916016203418803,0.17142857142857143,1.0,SMALL_OR_UNSTABLE_EFFECT,False,exploratory expression comparison; opposite direction is not rescue or synergy
GSE134780_skM_HH_vs_WT,patient_10m_vs_0m,Mito_import_localization,63,-0.10633948523598491,-0.13522378136438226,0.08571428571428572,0.25,SMALL_OR_UNSTABLE_EFFECT,False,exploratory expression comparison; opposite direction is not rescue or synergy
GSE134780_skM_HH_vs_WT,patient_10m_vs_0m,Mito_translation,104,-0.12458283830797079,-0.15736677519208264,0.17142857142857143,0.25,SMALL_OR_UNSTABLE_EFFECT,False,exploratory expression comparison; opposite direction is not rescue or synergy
GSE134780_skM_HH_vs_WT,patient_10m_vs_0m,Mitotic_cycle,410,0.0325469938164229,0.006677734564855579,0.14285714285714285,1.0,SMALL_OR_UNSTABLE_EFFECT,False,exploratory expression comparison; opposite direction is not rescue or synergy
GSE134780_skM_HH_vs_WT,patient_10m_vs_0m,NAD_consuming_enzymes,13,0.016733583516193917,-0.09825619398699577,0.8857142857142857,0.75,SMALL_OR_UNSTABLE_EFFECT,False,exploratory expression comparison; opposite direction is not rescue or synergy
GSE134780_skM_HH_vs_WT,patient_10m_vs_0m,NAD_synthesis_salvage,10,-0.06726048278103569,-0.0913367971385745,0.5142857142857142,0.75,SMALL_OR_UNSTABLE_EFFECT,False,exploratory expression comparison; opposite direction is not rescue or synergy
GSE134780_skM_HH_vs_WT,patient_10m_vs_0m,OXPHOS,72,-0.15728510049843258,-0.24755039696039147,0.2,0.25,SMALL_OR_UNSTABLE_EFFECT,False,exploratory expression comparison; opposite direction is not rescue or synergy
GSE134780_skM_HH_vs_WT,patient_10m_vs_0m,Oxidative_stress,232,0.04318244994308351,-0.04651440680484716,0.17142857142857143,0.25,SMALL_OR_UNSTABLE_EFFECT,False,exploratory expression comparison; opposite direction is not rescue or synergy
GSE134780_skM_HH_vs_WT,patient_10m_vs_0m,Protein_folding,167,-0.01599135518596917,-0.05047165249489242,0.7428571428571429,0.75,SMALL_OR_UNSTABLE_EFFECT,False,exploratory expression comparison; opposite direction is not rescue or synergy
GSE134780_skM_HH_vs_WT,patient_10m_vs_0m,Ubiquitin_proteolysis,482,-0.007902420505361718,-0.03293464470019399,0.8285714285714286,0.25,SMALL_OR_UNSTABLE_EFFECT,False,exploratory expression comparison; opposite direction is not rescue or synergy
GSE134780_skM_HL1002P_vs_WT,patient_4m_vs_0m,Autophagy,262,0.011518196021430782,0.013323827539151178,0.4857142857142857,0.625,SMALL_OR_UNSTABLE_EFFECT,False,exploratory expression comparison; opposite direction is not rescue or synergy
GSE134780_skM_HL1002P_vs_WT,patient_4m_vs_0m,Cytosolic_ribosome_sentinels,52,0.09781118606655426,-0.0370184012187349,0.4857142857142857,0.375,SMALL_OR_UNSTABLE_EFFECT,False,exploratory expression comparison; opposite direction is not rescue or synergy
GSE134780_skM_HL1002P_vs_WT,patient_4m_vs_0m,DNA_damage_response,631,0.009039007298840218,0.0008656722499158498,0.5142857142857142,1.0,SMALL_OR_UNSTABLE_EFFECT,False,exploratory expression comparison; opposite direction is not rescue or synergy
GSE134780_skM_HL1002P_vs_WT,patient_4m_vs_0m,DNA_replication,181,-0.007322001832404723,-0.05051078689257804,0.7428571428571429,0.25,SMALL_OR_UNSTABLE_EFFECT,False,exploratory expression comparison; opposite direction is not rescue or synergy
GSE134780_skM_HL1002P_vs_WT,patient_4m_vs_0m,ISRmt_author_sentinels,11,0.3049957913488974,0.5024744135059727,0.08571428571428572,0.25,SAME_STABLE_DIRECTION,False,exploratory expression comparison; opposite direction is not rescue or synergy
GSE134780_skM_HL1002P_vs_WT,patient_4m_vs_0m,Lysosome,592,0.07383568619598613,0.06744387281263453,0.08571428571428572,0.125,SMALL_OR_UNSTABLE_EFFECT,False,exploratory expression comparison; opposite direction is not rescue or synergy
GSE134780_skM_HL1002P_vs_WT,patient_4m_vs_0m,Mito_import_localization,63,-0.05100320885938814,-0.010117539568800904,0.17142857142857143,0.75,SMALL_OR_UNSTABLE_EFFECT,False,exploratory expression comparison; opposite direction is not rescue or synergy
GSE134780_skM_HL1002P_vs_WT,patient_4m_vs_0m,Mito_translation,104,-0.0764673702513523,-0.017147968751634046,0.22857142857142856,0.5,SMALL_OR_UNSTABLE_EFFECT,False,exploratory expression comparison; opposite direction is not rescue or synergy
GSE134780_skM_HL1002P_vs_WT,patient_4m_vs_0m,Mitotic_cycle,404,0.027296254139185905,-0.02141595798660223,0.02857142857142857,0.5,SMALL_OR_UNSTABLE_EFFECT,False,exploratory expression comparison; opposite direction is not rescue or synergy
GSE134780_skM_HL1002P_vs_WT,patient_4m_vs_0m,NAD_consuming_enzymes,13,0.049611666075248806,0.1038039715153547,0.5428571428571428,0.5,SMALL_OR_UNSTABLE_EFFECT,False,exploratory expression comparison; opposite direction is not rescue or synergy
GSE134780_skM_HL1002P_vs_WT,patient_4m_vs_0m,NAD_synthesis_salvage,10,-0.17105162252669537,0.1173552401642537,0.05714285714285714,0.5,SMALL_OR_UNSTABLE_EFFECT,False,exploratory expression comparison; opposite direction is not rescue or synergy
GSE134780_skM_HL1002P_vs_WT,patient_4m_vs_0m,OXPHOS,72,-0.11629861241729955,-0.017239270204657764,0.14285714285714285,0.75,SMALL_OR_UNSTABLE_EFFECT,False,exploratory expression comparison; opposite direction is not rescue or synergy
GSE134780_skM_HL1002P_vs_WT,patient_4m_vs_0m,Oxidative_stress,231,0.03672134687791129,0.02346061310409464,0.2571428571428571,0.25,SMALL_OR_UNSTABLE_EFFECT,False,exploratory expression comparison; opposite direction is not rescue or synergy
GSE134780_skM_HL1002P_vs_WT,patient_4m_vs_0m,Protein_folding,167,0.04221060898670537,-0.054500969877274485,0.34285714285714286,0.125,SMALL_OR_UNSTABLE_EFFECT,False,exploratory expression comparison; opposite direction is not rescue or synergy
GSE134780_skM_HL1002P_vs_WT,patient_4m_vs_0m,Ubiquitin_proteolysis,480,-0.017195393020976724,0.0013668866083547115,0.2857142857142857,1.0,SMALL_OR_UNSTABLE_EFFECT,False,exploratory expression comparison; opposite direction is not rescue or synergy
GSE134780_skM_HL1002P_vs_WT,patient_10m_vs_0m,Autophagy,262,0.011518196021430782,-0.06083912812634118,0.4857142857142857,0.25,SMALL_OR_UNSTABLE_EFFECT,False,exploratory expression comparison; opposite direction is not rescue or synergy
GSE134780_skM_HL1002P_vs_WT,patient_10m_vs_0m,Cytosolic_ribosome_sentinels,52,0.09781118606655426,-0.18072735696846465,0.4857142857142857,0.25,SMALL_OR_UNSTABLE_EFFECT,False,exploratory expression comparison; opposite direction is not rescue or synergy
GSE134780_skM_HL1002P_vs_WT,patient_10m_vs_0m,DNA_damage_response,643,0.008160903069542869,-0.004575195328981134,0.6,1.0,SMALL_OR_UNSTABLE_EFFECT,False,exploratory expression comparison; opposite direction is not rescue or synergy
GSE134780_skM_HL1002P_vs_WT,patient_10m_vs_0m,DNA_replication,186,-0.013659631253155169,0.01557990998196009,0.6,0.75,SMALL_OR_UNSTABLE_EFFECT,False,exploratory expression comparison; opposite direction is not rescue or synergy
GSE134780_skM_HL1002P_vs_WT,patient_10m_vs_0m,ISRmt_author_sentinels,11,0.3049957913488974,0.1894743168315968,0.08571428571428572,0.75,SMALL_OR_UNSTABLE_EFFECT,False,exploratory expression comparison; opposite direction is not rescue or synergy
GSE134780_skM_HL1002P_vs_WT,patient_10m_vs_0m,Lysosome,591,0.07046228529265086,-0.024200613669076887,0.08571428571428572,1.0,SMALL_OR_UNSTABLE_EFFECT,False,exploratory expression comparison; opposite direction is not rescue or synergy
GSE134780_skM_HL1002P_vs_WT,patient_10m_vs_0m,Mito_import_localization,63,-0.05100320885938814,-0.13522378136438226,0.17142857142857143,0.25,SMALL_OR_UNSTABLE_EFFECT,False,exploratory expression comparison; opposite direction is not rescue or synergy
GSE134780_skM_HL1002P_vs_WT,patient_10m_vs_0m,Mito_translation,104,-0.0764673702513523,-0.15736677519208264,0.22857142857142856,0.25,SMALL_OR_UNSTABLE_EFFECT,False,exploratory expression comparison; opposite direction is not rescue or synergy
GSE134780_skM_HL1002P_vs_WT,patient_10m_vs_0m,Mitotic_cycle,408,0.0252157081579103,-0.00362122620083305,0.05714285714285714,1.0,SMALL_OR_UNSTABLE_EFFECT,False,exploratory expression comparison; opposite direction is not rescue or synergy
GSE134780_skM_HL1002P_vs_WT,patient_10m_vs_0m,NAD_consuming_enzymes,13,0.049611666075248806,-0.09825619398699577,0.5428571428571428,0.75,SMALL_OR_UNSTABLE_EFFECT,False,exploratory expression comparison; opposite direction is not rescue or synergy
GSE134780_skM_HL1002P_vs_WT,patient_10m_vs_0m,NAD_synthesis_salvage,10,-0.17105162252669537,-0.0913367971385745,0.05714285714285714,0.75,SMALL_OR_UNSTABLE_EFFECT,False,exploratory expression comparison; opposite direction is not rescue or synergy
GSE134780_skM_HL1002P_vs_WT,patient_10m_vs_0m,OXPHOS,72,-0.11629861241729955,-0.24755039696039147,0.14285714285714285,0.25,SMALL_OR_UNSTABLE_EFFECT,False,exploratory expression comparison; opposite direction is not rescue or synergy
GSE134780_skM_HL1002P_vs_WT,patient_10m_vs_0m,Oxidative_stress,232,0.03535224016064831,-0.04651440680484716,0.2857142857142857,0.25,SMALL_OR_UNSTABLE_EFFECT,False,exploratory expression comparison; opposite direction is not rescue or synergy
GSE134780_skM_HL1002P_vs_WT,patient_10m_vs_0m,Protein_folding,166,0.038379645514011074,-0.05305836084627084,0.34285714285714286,0.5,SMALL_OR_UNSTABLE_EFFECT,False,exploratory expression comparison; opposite direction is not rescue or synergy
GSE134780_skM_HL1002P_vs_WT,patient_10m_vs_0m,Ubiquitin_proteolysis,481,-0.01711471545590193,-0.035704174640225496,0.2571428571428571,0.25,SMALL_OR_UNSTABLE_EFFECT,False,exploratory expression comparison; opposite direction is not rescue or synergy
GSE134781_skM_hetL1002P_vs_WT,patient_4m_vs_0m,Autophagy,258,-0.00462843998192497,0.021022147958988047,0.8,0.375,SMALL_OR_UNSTABLE_EFFECT,False,exploratory expression comparison; opposite direction is not rescue or synergy
GSE134781_skM_hetL1002P_vs_WT,patient_4m_vs_0m,Cytosolic_ribosome_sentinels,52,-0.311566270293298,-0.0370184012187349,0.3,0.375,SMALL_OR_UNSTABLE_EFFECT,False,exploratory expression comparison; opposite direction is not rescue or synergy
GSE134781_skM_hetL1002P_vs_WT,patient_4m_vs_0m,DNA_damage_response,611,0.01213341661954459,0.004935853757857878,0.4,0.75,SMALL_OR_UNSTABLE_EFFECT,False,exploratory expression comparison; opposite direction is not rescue or synergy
GSE134781_skM_hetL1002P_vs_WT,patient_4m_vs_0m,DNA_replication,173,0.040224892040611415,-0.05101705475590368,0.2,0.25,SMALL_OR_UNSTABLE_EFFECT,False,exploratory expression comparison; opposite direction is not rescue or synergy
GSE134781_skM_hetL1002P_vs_WT,patient_4m_vs_0m,ISRmt_author_sentinels,10,-0.387989149801637,0.4730091522548827,0.2,0.25,OPPOSITE_STABLE_DIRECTIONS,False,exploratory expression comparison; opposite direction is not rescue or synergy
GSE134781_skM_hetL1002P_vs_WT,patient_4m_vs_0m,Lysosome,579,0.011043546862113729,0.06393401684377586,0.7,0.125,SMALL_OR_UNSTABLE_EFFECT,False,exploratory expression comparison; opposite direction is not rescue or synergy
GSE134781_skM_hetL1002P_vs_WT,patient_4m_vs_0m,Mito_import_localization,62,-0.14128610306033274,-0.012374775637076674,0.4,0.625,SMALL_OR_UNSTABLE_EFFECT,False,exploratory expression comparison; opposite direction is not rescue or synergy
GSE134781_skM_hetL1002P_vs_WT,patient_4m_vs_0m,Mito_translation,104,-0.18362772995434717,-0.017147968751634046,0.4,0.5,SMALL_OR_UNSTABLE_EFFECT,False,exploratory expression comparison; opposite direction is not rescue or synergy
GSE134781_skM_hetL1002P_vs_WT,patient_4m_vs_0m,Mitotic_cycle,385,0.026692874711699233,-0.024315715156832063,0.3,0.5,SMALL_OR_UNSTABLE_EFFECT,False,exploratory expression comparison; opposite direction is not rescue or synergy
GSE134781_skM_hetL1002P_vs_WT,patient_4m_vs_0m,NAD_consuming_enzymes,11,-0.05355083051958687,0.1400423136419766,0.2,0.25,SMALL_OR_UNSTABLE_EFFECT,False,exploratory expression comparison; opposite direction is not rescue or synergy
GSE134781_skM_hetL1002P_vs_WT,patient_4m_vs_0m,NAD_synthesis_salvage,8,0.03457017956321451,0.11280701131802129,1.0,0.375,SMALL_OR_UNSTABLE_EFFECT,False,exploratory expression comparison; opposite direction is not rescue or synergy
GSE134781_skM_hetL1002P_vs_WT,patient_4m_vs_0m,OXPHOS,72,-0.2898757462043555,-0.017239270204657764,0.4,0.75,SMALL_OR_UNSTABLE_EFFECT,False,exploratory expression comparison; opposite direction is not rescue or synergy
GSE134781_skM_hetL1002P_vs_WT,patient_4m_vs_0m,Oxidative_stress,230,-0.0628379156579868,0.022717703502307618,0.1,0.125,SMALL_OR_UNSTABLE_EFFECT,False,exploratory expression comparison; opposite direction is not rescue or synergy
GSE134781_skM_hetL1002P_vs_WT,patient_4m_vs_0m,Protein_folding,165,-0.0792486047445351,-0.061836319873721735,0.4,0.125,SMALL_OR_UNSTABLE_EFFECT,False,exploratory expression comparison; opposite direction is not rescue or synergy
GSE134781_skM_hetL1002P_vs_WT,patient_4m_vs_0m,Ubiquitin_proteolysis,478,0.014530246232968835,0.000932376582603478,0.5,1.0,SMALL_OR_UNSTABLE_EFFECT,False,exploratory expression comparison; opposite direction is not rescue or synergy
GSE134781_skM_hetL1002P_vs_WT,patient_10m_vs_0m,Autophagy,258,-0.00462843998192497,-0.0624464335558604,0.8,0.25,SMALL_OR_UNSTABLE_EFFECT,False,exploratory expression comparison; opposite direction is not rescue or synergy
GSE134781_skM_hetL1002P_vs_WT,patient_10m_vs_0m,Cytosolic_ribosome_sentinels,52,-0.311566270293298,-0.18072735696846465,0.3,0.25,SMALL_OR_UNSTABLE_EFFECT,False,exploratory expression comparison; opposite direction is not rescue or synergy
GSE134781_skM_hetL1002P_vs_WT,patient_10m_vs_0m,DNA_damage_response,617,0.009842486123714522,-0.007695706631200376,0.6,0.5,SMALL_OR_UNSTABLE_EFFECT,False,exploratory expression comparison; opposite direction is not rescue or synergy
GSE134781_skM_hetL1002P_vs_WT,patient_10m_vs_0m,DNA_replication,178,0.033617061835136575,0.019441551780288908,0.2,0.75,SMALL_OR_UNSTABLE_EFFECT,False,exploratory expression comparison; opposite direction is not rescue or synergy
GSE134781_skM_hetL1002P_vs_WT,patient_10m_vs_0m,ISRmt_author_sentinels,10,-0.387989149801637,0.2033435704792422,0.2,0.75,SMALL_OR_UNSTABLE_EFFECT,False,exploratory expression comparison; opposite direction is not rescue or synergy
GSE134781_skM_hetL1002P_vs_WT,patient_10m_vs_0m,Lysosome,578,0.012617123303320099,-0.0299898050049124,0.7,1.0,SMALL_OR_UNSTABLE_EFFECT,False,exploratory expression comparison; opposite direction is not rescue or synergy
GSE134781_skM_hetL1002P_vs_WT,patient_10m_vs_0m,Mito_import_localization,62,-0.14128610306033274,-0.14221044324237533,0.4,0.25,SMALL_OR_UNSTABLE_EFFECT,False,exploratory expression comparison; opposite direction is not rescue or synergy
GSE134781_skM_hetL1002P_vs_WT,patient_10m_vs_0m,Mito_translation,104,-0.18362772995434717,-0.15736677519208264,0.4,0.25,SMALL_OR_UNSTABLE_EFFECT,False,exploratory expression comparison; opposite direction is not rescue or synergy
GSE134781_skM_hetL1002P_vs_WT,patient_10m_vs_0m,Mitotic_cycle,386,0.027024850838275327,-0.002659761939670583,0.3,1.0,SMALL_OR_UNSTABLE_EFFECT,False,exploratory expression comparison; opposite direction is not rescue or synergy
GSE134781_skM_hetL1002P_vs_WT,patient_10m_vs_0m,NAD_consuming_enzymes,11,-0.05355083051958687,-0.14289785829395937,0.2,0.75,SMALL_OR_UNSTABLE_EFFECT,False,exploratory expression comparison; opposite direction is not rescue or synergy
GSE134781_skM_hetL1002P_vs_WT,patient_10m_vs_0m,NAD_synthesis_salvage,8,0.03457017956321451,-0.24420976777015468,1.0,0.5,SMALL_OR_UNSTABLE_EFFECT,False,exploratory expression comparison; opposite direction is not rescue or synergy
GSE134781_skM_hetL1002P_vs_WT,patient_10m_vs_0m,OXPHOS,72,-0.2898757462043555,-0.24755039696039147,0.4,0.25,SAME_STABLE_DIRECTION,False,exploratory expression comparison; opposite direction is not rescue or synergy
GSE134781_skM_hetL1002P_vs_WT,patient_10m_vs_0m,Oxidative_stress,230,-0.0628379156579868,-0.043257099805282216,0.1,0.25,SMALL_OR_UNSTABLE_EFFECT,False,exploratory expression comparison; opposite direction is not rescue or synergy
GSE134781_skM_hetL1002P_vs_WT,patient_10m_vs_0m,Protein_folding,165,-0.0792486047445351,-0.05497733043831765,0.4,0.5,SMALL_OR_UNSTABLE_EFFECT,False,exploratory expression comparison; opposite direction is not rescue or synergy
GSE134781_skM_hetL1002P_vs_WT,patient_10m_vs_0m,Ubiquitin_proteolysis,479,0.012625585867899858,-0.037401038358051274,0.7,0.25,SMALL_OR_UNSTABLE_EFFECT,False,exploratory expression comparison; opposite direction is not rescue or synergy
GSE134781_skM_hetX753_vs_WT,patient_4m_vs_0m,Autophagy,258,0.020369683591486165,0.021022147958988047,0.1,0.375,SMALL_OR_UNSTABLE_EFFECT,False,exploratory expression comparison; opposite direction is not rescue or synergy
GSE134781_skM_hetX753_vs_WT,patient_4m_vs_0m,Cytosolic_ribosome_sentinels,52,-0.3167448773669115,-0.0370184012187349,0.2,0.375,SMALL_OR_UNSTABLE_EFFECT,False,exploratory expression comparison; opposite direction is not rescue or synergy
GSE134781_skM_hetX753_vs_WT,patient_4m_vs_0m,DNA_damage_response,606,0.027058295583453074,0.005297923874710175,0.2,0.625,SMALL_OR_UNSTABLE_EFFECT,False,exploratory expression comparison; opposite direction is not rescue or synergy
GSE134781_skM_hetX753_vs_WT,patient_4m_vs_0m,DNA_replication,170,0.0038273477164691982,-0.055646053260118844,0.9,0.25,SMALL_OR_UNSTABLE_EFFECT,False,exploratory expression comparison; opposite direction is not rescue or synergy
GSE134781_skM_hetX753_vs_WT,patient_4m_vs_0m,ISRmt_author_sentinels,10,-0.04103094068322033,0.4730091522548827,0.8,0.25,SMALL_OR_UNSTABLE_EFFECT,False,exploratory expression comparison; opposite direction is not rescue or synergy
GSE134781_skM_hetX753_vs_WT,patient_4m_vs_0m,Lysosome,581,-0.00781161380968598,0.06543833464761217,0.7,0.125,SMALL_OR_UNSTABLE_EFFECT,False,exploratory expression comparison; opposite direction is not rescue or synergy
GSE134781_skM_hetX753_vs_WT,patient_4m_vs_0m,Mito_import_localization,63,-0.14108617633900522,-0.010117539568800904,0.3,0.75,SMALL_OR_UNSTABLE_EFFECT,False,exploratory expression comparison; opposite direction is not rescue or synergy
GSE134781_skM_hetX753_vs_WT,patient_4m_vs_0m,Mito_translation,104,-0.26299238743769315,-0.017147968751634046,0.1,0.5,SMALL_OR_UNSTABLE_EFFECT,False,exploratory expression comparison; opposite direction is not rescue or synergy
GSE134781_skM_hetX753_vs_WT,patient_4m_vs_0m,Mitotic_cycle,385,0.05003779433440947,-0.02343976795639735,0.1,0.375,SMALL_OR_UNSTABLE_EFFECT,False,exploratory expression comparison; opposite direction is not rescue or synergy
GSE134781_skM_hetX753_vs_WT,patient_4m_vs_0m,NAD_consuming_enzymes,12,-0.02306308720060901,0.13919137889383149,0.6,0.375,SMALL_OR_UNSTABLE_EFFECT,False,exploratory expression comparison; opposite direction is not rescue or synergy
GSE134781_skM_hetX753_vs_WT,patient_4m_vs_0m,NAD_synthesis_salvage,8,-0.1917208684882663,0.11280701131802129,0.2,0.375,SMALL_OR_UNSTABLE_EFFECT,False,exploratory expression comparison; opposite direction is not rescue or synergy
GSE134781_skM_hetX753_vs_WT,patient_4m_vs_0m,OXPHOS,72,-0.34541335244426996,-0.017239270204657764,0.1,0.75,SMALL_OR_UNSTABLE_EFFECT,False,exploratory expression comparison; opposite direction is not rescue or synergy
GSE134781_skM_hetX753_vs_WT,patient_4m_vs_0m,Oxidative_stress,230,-0.05392643189780877,0.022717703502307618,0.1,0.125,SMALL_OR_UNSTABLE_EFFECT,False,exploratory expression comparison; opposite direction is not rescue or synergy
GSE134781_skM_hetX753_vs_WT,patient_4m_vs_0m,Protein_folding,165,-0.13016492792612055,-0.061836319873721735,0.1,0.125,SMALL_OR_UNSTABLE_EFFECT,False,exploratory expression comparison; opposite direction is not rescue or synergy
GSE134781_skM_hetX753_vs_WT,patient_4m_vs_0m,Ubiquitin_proteolysis,479,0.04232645882403929,0.001214677263146946,0.1,1.0,SMALL_OR_UNSTABLE_EFFECT,False,exploratory expression comparison; opposite direction is not rescue or synergy
GSE134781_skM_hetX753_vs_WT,patient_10m_vs_0m,Autophagy,258,0.020369683591486165,-0.0624464335558604,0.1,0.25,SMALL_OR_UNSTABLE_EFFECT,False,exploratory expression comparison; opposite direction is not rescue or synergy
GSE134781_skM_hetX753_vs_WT,patient_10m_vs_0m,Cytosolic_ribosome_sentinels,52,-0.3167448773669115,-0.18072735696846465,0.2,0.25,SMALL_OR_UNSTABLE_EFFECT,False,exploratory expression comparison; opposite direction is not rescue or synergy
GSE134781_skM_hetX753_vs_WT,patient_10m_vs_0m,DNA_damage_response,613,0.024359063567409578,-0.008120256934381231,0.2,0.5,SMALL_OR_UNSTABLE_EFFECT,False,exploratory expression comparison; opposite direction is not rescue or synergy
GSE134781_skM_hetX753_vs_WT,patient_10m_vs_0m,DNA_replication,175,-0.001143724839589133,0.019410118438062323,0.9,0.75,SMALL_OR_UNSTABLE_EFFECT,False,exploratory expression comparison; opposite direction is not rescue or synergy
GSE134781_skM_hetX753_vs_WT,patient_10m_vs_0m,ISRmt_author_sentinels,10,-0.04103094068322033,0.2033435704792422,0.8,0.75,SMALL_OR_UNSTABLE_EFFECT,False,exploratory expression comparison; opposite direction is not rescue or synergy
GSE134781_skM_hetX753_vs_WT,patient_10m_vs_0m,Lysosome,580,-0.00798391295367118,-0.02878194423122989,0.7,1.0,SMALL_OR_UNSTABLE_EFFECT,False,exploratory expression comparison; opposite direction is not rescue or synergy
GSE134781_skM_hetX753_vs_WT,patient_10m_vs_0m,Mito_import_localization,63,-0.14108617633900522,-0.13522378136438226,0.3,0.25,SMALL_OR_UNSTABLE_EFFECT,False,exploratory expression comparison; opposite direction is not rescue or synergy
GSE134781_skM_hetX753_vs_WT,patient_10m_vs_0m,Mito_translation,104,-0.26299238743769315,-0.15736677519208264,0.1,0.25,SAME_STABLE_DIRECTION,False,exploratory expression comparison; opposite direction is not rescue or synergy
GSE134781_skM_hetX753_vs_WT,patient_10m_vs_0m,Mitotic_cycle,387,0.0535110039150446,-0.00504176879971574,0.1,1.0,SMALL_OR_UNSTABLE_EFFECT,False,exploratory expression comparison; opposite direction is not rescue or synergy
GSE134781_skM_hetX753_vs_WT,patient_10m_vs_0m,NAD_consuming_enzymes,12,-0.02306308720060901,-0.10616059884685924,0.6,0.75,SMALL_OR_UNSTABLE_EFFECT,False,exploratory expression comparison; opposite direction is not rescue or synergy
GSE134781_skM_hetX753_vs_WT,patient_10m_vs_0m,NAD_synthesis_salvage,8,-0.1917208684882663,-0.24420976777015468,0.2,0.5,SAME_STABLE_DIRECTION,False,exploratory expression comparison; opposite direction is not rescue or synergy
GSE134781_skM_hetX753_vs_WT,patient_10m_vs_0m,OXPHOS,72,-0.34541335244426996,-0.24755039696039147,0.1,0.25,SAME_STABLE_DIRECTION,False,exploratory expression comparison; opposite direction is not rescue or synergy
GSE134781_skM_hetX753_vs_WT,patient_10m_vs_0m,Oxidative_stress,230,-0.05392643189780877,-0.043257099805282216,0.1,0.25,SMALL_OR_UNSTABLE_EFFECT,False,exploratory expression comparison; opposite direction is not rescue or synergy
GSE134781_skM_hetX753_vs_WT,patient_10m_vs_0m,Protein_folding,165,-0.13016492792612055,-0.05497733043831765,0.1,0.5,SMALL_OR_UNSTABLE_EFFECT,False,exploratory expression comparison; opposite direction is not rescue or synergy
GSE134781_skM_hetX753_vs_WT,patient_10m_vs_0m,Ubiquitin_proteolysis,480,0.040176946091268206,-0.03705944856085175,0.1,0.25,SMALL_OR_UNSTABLE_EFFECT,False,exploratory expression comparison; opposite direction is not rescue or synergy
